28.10.2022;8,280.11
27.10.2022;8,080.32
26.10.2022;8,129.62
25.10.2022;8,190.02
24.10.2022;8,058.88
21.10.2022;7,964.25
20.10.2022;7,779.53
19.10.2022;7,840.99
18.10.2022;7,893.68
17.10.2022;7,804.33
14.10.2022;7,602.99
13.10.2022;7,786.96
12.10.2022;7,588.90
11.10.2022;7,613.75
10.10.2022;7,663.58
07.10.2022;7,721.44
06.10.2022;7,943.63
05.10.2022;8,023.81
04.10.2022;8,039.25
03.10.2022;7,800.00
30.09.2022;7,603.14
29.09.2022;7,719.09
28.09.2022;7,884.55
27.09.2022;7,731.99
26.09.2022;7,747.93
23.09.2022;7,828.87
22.09.2022;7,965.96
21.09.2022;8,033.29
20.09.2022;8,172.64
19.09.2022;8,265.73
16.09.2022;8,209.35
15.09.2022;8,268.60
14.09.2022;8,362.40
13.09.2022;8,331.90
12.09.2022;8,708.17
09.09.2022;8,616.98
08.09.2022;8,486.63
07.09.2022;8,429.87
06.09.2022;8,277.81
02.09.2022;8,311.42
01.09.2022;8,400.96
31.08.2022;8,374.42
30.08.2022;8,438.69
29.08.2022;8,532.10
26.08.2022;8,588.95
25.08.2022;8,888.13
24.08.2022;8,764.42
23.08.2022;8,738.76
22.08.2022;8,758.24
19.08.2022;8,948.82
18.08.2022;9,065.49
17.08.2022;9,043.59
16.08.2022;9,107.87
15.08.2022;9,090.36
12.08.2022;9,054.14
11.08.2022;8,898.84
10.08.2022;8,902.72
09.08.2022;8,716.75
08.08.2022;8,753.39
05.08.2022;8,764.08
04.08.2022;8,777.23
03.08.2022;8,783.28
02.08.2022;8,647.91
01.08.2022;8,705.87
29.07.2022;8,730.46
28.07.2022;8,607.24
27.07.2022;8,503.02
26.07.2022;8,286.19
25.07.2022;8,382.88
22.07.2022;8,371.87
21.07.2022;8,450.64
20.07.2022;8,367.37
19.07.2022;8,318.20
18.07.2022;8,094.23
15.07.2022;8,162.50
14.07.2022;8,008.71
13.07.2022;8,031.76
12.07.2022;8,067.56
11.07.2022;8,142.68
08.07.2022;8,237.50
07.07.2022;8,243.69
06.07.2022;8,121.21
05.07.2022;8,092.15
01.07.2022;8,077.89
30.06.2022;7,993.43
29.06.2022;8,062.72
28.06.2022;8,067.56
27.06.2022;8,233.42
24.06.2022;8,257.72
23.06.2022;8,012.68
22.06.2022;7,936.67
21.06.2022;7,946.89
17.06.2022;7,756.60
16.06.2022;7,739.39
15.06.2022;7,998.62
14.06.2022;7,883.34
13.06.2022;7,910.43
10.06.2022;8,229.43
09.06.2022;8,475.91
08.06.2022;8,681.68
07.06.2022;8,776.09
06.06.2022;8,693.06
03.06.2022;8,665.80
02.06.2022;8,809.18
01.06.2022;8,648.28
31.05.2022;8,712.60
27.05.2022;8,766.83
26.05.2022;8,553.68
25.05.2022;8,386.62
24.05.2022;8,307.97
23.05.2022;8,375.87
20.05.2022;8,222.31
19.05.2022;8,220.97
18.05.2022;8,268.32
17.05.2022;8,614.31
16.05.2022;8,443.55
13.05.2022;8,476.57
12.05.2022;8,278.04
11.05.2022;8,285.82
10.05.2022;8,424.20
09.05.2022;8,403.50
06.05.2022;8,680.97
05.05.2022;8,729.21
04.05.2022;9,050.90
03.05.2022;8,788.36
02.05.2022;8,746.05
29.04.2022;8,696.65
28.04.2022;9,023.42
27.04.2022;8,805.00
26.04.2022;8,786.47
25.04.2022;9,040.86
22.04.2022;8,989.51
21.04.2022;9,245.86
20.04.2022;9,383.54
19.04.2022;9,389.21
18.04.2022;9,240.69
14.04.2022;9,242.58
13.04.2022;9,356.21
12.04.2022;9,251.07
11.04.2022;9,282.48
08.04.2022;9,441.84
07.04.2022;9,466.76
06.04.2022;9,425.49
05.04.2022;9,517.94
04.04.2022;9,637.37
01.04.2022;9,559.95
31.03.2022;9,527.46
30.03.2022;9,678.30
29.03.2022;9,738.60
28.03.2022;9,620.66
25.03.2022;9,552.40
24.03.2022;9,504.19
23.03.2022;9,368.98
22.03.2022;9,484.86
21.03.2022;9,378.84
18.03.2022;9,382.43
17.03.2022;9,274.17
16.03.2022;9,160.51
15.03.2022;8,959.74
14.03.2022;8,771.75
11.03.2022;8,835.40
10.03.2022;8,950.90
09.03.2022;8,988.65
08.03.2022;8,762.11
07.03.2022;8,825.72
04.03.2022;9,094.04
03.03.2022;9,166.13
02.03.2022;9,213.39
01.03.2022;9,044.47
28.02.2022;9,186.37
25.02.2022;9,207.85
24.02.2022;9,005.37
23.02.2022;8,871.95
22.02.2022;9,038.32
18.02.2022;9,130.81
17.02.2022;9,195.35
16.02.2022;9,393.09
15.02.2022;9,383.57
14.02.2022;9,236.86
11.02.2022;9,271.80
10.02.2022;9,450.72
09.02.2022;9,623.84
08.02.2022;9,484.95
07.02.2022;9,405.84
04.02.2022;9,440.58
03.02.2022;9,390.58
02.02.2022;9,624.89
01.02.2022;9,534.96
31.01.2022;9,469.92
28.01.2022;9,294.21
27.01.2022;9,072.24
26.01.2022;9,120.75
25.01.2022;9,134.33
24.01.2022;9,246.84
21.01.2022;9,221.28
20.01.2022;9,398.96
19.01.2022;9,503.14
18.01.2022;9,595.93
14.01.2022;9,775.53
13.01.2022;9,767.35
12.01.2022;9,907.38
11.01.2022;9,879.39
10.01.2022;9,789.72
07.01.2022;9,803.84
06.01.2022;9,841.92
05.01.2022;9,850.70
04.01.2022;10,044.75
03.01.2022;10,050.41
31.12.2021;9,986.70
30.12.2021;10,012.51
29.12.2021;10,041.61
28.12.2021;10,027.53
27.12.2021;10,037.67
23.12.2021;9,900.30
22.12.2021;9,838.90
21.12.2021;9,738.73
20.12.2021;9,567.91
17.12.2021;9,678.04
16.12.2021;9,778.09
15.12.2021;9,863.92
14.12.2021;9,705.06
13.12.2021;9,776.69
10.12.2021;9,866.62
09.12.2021;9,773.19
08.12.2021;9,842.68
07.12.2021;9,812.20
06.12.2021;9,613.02
03.12.2021;9,501.28
02.12.2021;9,581.79
01.12.2021;9,446.21
30.11.2021;9,558.33
29.11.2021;9,741.78
26.11.2021;9,614.25
24.11.2021;9,837.60
23.11.2021;9,814.65
22.11.2021;9,798.29
19.11.2021;9,828.80
18.11.2021;9,842.35
17.11.2021;9,808.27
16.11.2021;9,831.91
15.11.2021;9,793.53
12.11.2021;9,793.22
11.11.2021;9,722.08
10.11.2021;9,716.72
09.11.2021;9,795.12
08.11.2021;9,828.81
05.11.2021;9,819.98
04.11.2021;9,782.48
03.11.2021;9,740.47
02.11.2021;9,677.95
01.11.2021;9,642.45
29.10.2021;9,625.02
28.10.2021;9,605.23
27.10.2021;9,511.27
26.10.2021;9,559.39
25.10.2021;9,541.99
22.10.2021;9,496.86
21.10.2021;9,506.91
20.10.2021;9,477.82
19.10.2021;9,443.12
18.10.2021;9,373.68
15.10.2021;9,342.15
14.10.2021;9,272.97
13.10.2021;9,116.39
12.10.2021;9,088.73
11.10.2021;9,110.76
08.10.2021;9,173.74
07.10.2021;9,191.19
06.10.2021;9,113.46
05.10.2021;9,076.19
04.10.2021;8,980.64
01.10.2021;9,098.25
30.09.2021;8,994.83
29.09.2021;9,102.62
28.09.2021;9,087.46
27.09.2021;9,275.87
24.09.2021;9,301.49
23.09.2021;9,287.80
22.09.2021;9,176.08
21.09.2021;9,089.55
20.09.2021;9,096.52
17.09.2021;9,253.57
16.09.2021;9,338.61
15.09.2021;9,352.83
14.09.2021;9,273.99
13.09.2021;9,325.29
10.09.2021;9,304.03
09.09.2021;9,375.99
08.09.2021;9,418.57
07.09.2021;9,430.68
03.09.2021;9,462.54
02.09.2021;9,465.47
01.09.2021;9,437.15
31.08.2021;9,433.58
30.08.2021;9,445.24
27.08.2021;9,404.15
26.08.2021;9,321.74
25.08.2021;9,376.00
24.08.2021;9,355.11
23.08.2021;9,341.09
20.08.2021;9,261.31
19.08.2021;9,186.07
18.08.2021;9,173.93
17.08.2021;9,271.83
16.08.2021;9,337.18
13.08.2021;9,312.51
12.08.2021;9,297.20
11.08.2021;9,267.40
10.08.2021;9,244.22
09.08.2021;9,235.05
06.08.2021;9,243.03
05.08.2021;9,226.49
04.08.2021;9,170.76
03.08.2021;9,213.35
02.08.2021;9,138.36
30.07.2021;9,155.21
29.07.2021;9,204.25
28.07.2021;9,164.62
27.07.2021;9,166.27
26.07.2021;9,209.63
23.07.2021;9,187.64
22.07.2021;9,094.95
21.07.2021;9,075.97
20.07.2021;9,001.77
19.07.2021;8,867.07
16.07.2021;9,009.89
15.07.2021;9,078.33
14.07.2021;9,107.85
13.07.2021;9,096.15
12.07.2021;9,128.22
09.07.2021;9,096.84
08.07.2021;8,995.26
07.07.2021;9,071.14
06.07.2021;9,040.76
02.07.2021;9,058.66
01.07.2021;8,990.08
30.06.2021;8,942.78
29.06.2021;8,930.67
28.06.2021;8,927.40
25.06.2021;8,906.79
24.06.2021;8,877.06
23.06.2021;8,825.01
22.06.2021;8,834.56
21.06.2021;8,789.52
18.06.2021;8,667.76
17.06.2021;8,782.58
16.06.2021;8,786.18
15.06.2021;8,833.68
14.06.2021;8,851.17
11.06.2021;8,832.94
10.06.2021;8,815.56
09.06.2021;8,774.31
08.06.2021;8,790.00
07.06.2021;8,788.28
04.06.2021;8,795.08
03.06.2021;8,717.97
02.06.2021;8,748.30
01.06.2021;8,734.74
28.05.2021;8,738.77
27.05.2021;8,730.97
26.05.2021;8,720.04
25.05.2021;8,703.59
24.05.2021;8,722.00
21.05.2021;8,635.55
20.05.2021;8,641.98
19.05.2021;8,550.95
18.05.2021;8,574.98
17.05.2021;8,647.57
14.05.2021;8,669.49
13.05.2021;8,541.39
12.05.2021;8,437.24
11.05.2021;8,620.98
10.05.2021;8,696.29
07.05.2021;8,787.82
06.05.2021;8,722.04
05.05.2021;8,650.04
04.05.2021;8,643.91
03.05.2021;8,702.03
30.04.2021;8,678.16
29.04.2021;8,740.35
28.04.2021;8,681.17
27.04.2021;8,688.45
26.04.2021;8,690.26
23.04.2021;8,674.80
22.04.2021;8,580.73
21.04.2021;8,659.80
20.04.2021;8,579.95
19.04.2021;8,638.42
16.04.2021;8,684.51
15.04.2021;8,653.29
14.04.2021;8,558.16
13.04.2021;8,592.25
12.04.2021;8,564.03
09.04.2021;8,565.57
08.04.2021;8,499.85
07.04.2021;8,462.17
06.04.2021;8,449.54
05.04.2021;8,457.40
01.04.2021;8,335.91
31.03.2021;8,238.48
30.03.2021;8,208.10
29.03.2021;8,233.25
26.03.2021;8,240.38
25.03.2021;8,105.51
24.03.2021;8,063.00
23.03.2021;8,106.83
22.03.2021;8,169.14
19.03.2021;8,112.13
18.03.2021;8,116.17
17.03.2021;8,237.35
16.03.2021;8,213.63
15.03.2021;8,226.32
12.03.2021;8,172.90
11.03.2021;8,162.58
10.03.2021;8,078.05
09.03.2021;8,029.20
08.03.2021;7,916.41
05.03.2021;7,958.98
04.03.2021;7,806.45
03.03.2021;7,911.21
02.03.2021;8,015.54
01.03.2021;8,080.78
26.02.2021;7,892.81
25.02.2021;7,929.56
24.02.2021;8,127.38
23.02.2021;8,036.06
22.02.2021;8,025.81
19.02.2021;8,087.68
18.02.2021;8,102.24
17.02.2021;8,137.88
16.02.2021;8,139.16
12.02.2021;8,142.79
11.02.2021;8,104.19
10.02.2021;8,089.11
09.02.2021;8,091.70
08.02.2021;8,099.33
05.02.2021;8,039.67
04.02.2021;8,007.62
03.02.2021;7,920.85
02.02.2021;7,912.87
01.02.2021;7,804.31
29.01.2021;7,681.01
28.01.2021;7,831.22
27.01.2021;7,754.74
26.01.2021;7,959.10
25.01.2021;7,970.92
22.01.2021;7,942.20
21.01.2021;7,966.11
20.01.2021;7,962.92
19.01.2021;7,853.47
15.01.2021;7,789.79
14.01.2021;7,846.10
13.01.2021;7,874.75
12.01.2021;7,856.73
11.01.2021;7,853.45
08.01.2021;7,905.28
07.01.2021;7,861.10
06.01.2021;7,744.43
05.01.2021;7,700.34
04.01.2021;7,645.27
31.12.2020;7,759.35
30.12.2020;7,709.10
29.12.2020;7,697.93
28.12.2020;7,715.10
24.12.2020;7,648.39
23.12.2020;7,620.63
22.12.2020;7,614.83
21.12.2020;7,630.07
18.12.2020;7,659.75
17.12.2020;7,686.18
16.12.2020;7,641.82
15.12.2020;7,628.28
14.12.2020;7,530.87
11.12.2020;7,562.46
10.12.2020;7,571.87
09.12.2020;7,581.06
08.12.2020;7,641.43
07.12.2020;7,620.00
04.12.2020;7,634.77
03.12.2020;7,567.44
02.12.2020;7,570.76
01.12.2020;7,556.52
30.11.2020;7,472.06
27.11.2020;7,505.38
25.11.2020;7,486.68
24.11.2020;7,498.29
23.11.2020;7,378.94
20.11.2020;7,336.76
19.11.2020;7,386.86
18.11.2020;7,357.34
17.11.2020;7,442.04
16.11.2020;7,476.79
13.11.2020;7,390.61
12.11.2020;7,290.69
11.11.2020;7,362.65
10.11.2020;7,306.75
09.11.2020;7,315.77
06.11.2020;7,230.51
05.11.2020;7,231.67
04.11.2020;7,092.30
03.11.2020;6,939.30
02.11.2020;6,817.89
30.10.2020;6,734.84
29.10.2020;6,816.79
28.10.2020;6,735.75
27.10.2020;6,982.14
26.10.2020;7,003.21
23.10.2020;7,135.81
22.10.2020;7,111.17
21.10.2020;7,073.65
20.10.2020;7,089.06
19.10.2020;7,055.58
16.10.2020;7,172.70
15.10.2020;7,171.61
14.10.2020;7,182.38
13.10.2020;7,229.55
12.10.2020;7,275.43
09.10.2020;7,157.92
08.10.2020;7,095.40
07.10.2020;7,036.91
06.10.2020;6,916.40
05.10.2020;7,014.23
02.10.2020;6,889.65
01.10.2020;6,956.20
30.09.2020;6,918.83
29.09.2020;6,861.96
28.09.2020;6,894.27
25.09.2020;6,784.95
24.09.2020;6,678.04
23.09.2020;6,657.82
22.09.2020;6,819.08
21.09.2020;6,748.08
18.09.2020;6,826.72
17.09.2020;6,903.82
16.09.2020;6,962.29
15.09.2020;6,994.33
14.09.2020;6,957.91
11.09.2020;6,868.22
10.09.2020;6,864.23
09.09.2020;6,986.76
08.09.2020;6,848.42
04.09.2020;7,043.62
03.09.2020;7,101.38
02.09.2020;7,358.48
01.09.2020;7,246.37
31.08.2020;7,192.11
28.08.2020;7,207.10
27.08.2020;7,158.18
26.08.2020;7,145.77
25.08.2020;7,073.60
24.08.2020;7,048.17
21.08.2020;6,977.27
20.08.2020;6,952.92
19.08.2020;6,930.80
18.08.2020;6,960.30
17.08.2020;6,943.22
14.08.2020;6,924.28
13.08.2020;6,924.96
12.08.2020;6,937.44
11.08.2020;6,840.67
10.08.2020;6,895.59
07.08.2020;6,876.65
06.08.2020;6,870.86
05.08.2020;6,826.22
04.08.2020;6,782.60
03.08.2020;6,758.20
31.07.2020;6,709.81
30.07.2020;6,658.02
29.07.2020;6,682.01
28.07.2020;6,599.97
27.07.2020;6,642.90
24.07.2020;6,594.10
23.07.2020;6,635.04
22.07.2020;6,717.29
21.07.2020;6,678.74
20.07.2020;6,667.45
17.07.2020;6,611.86
16.07.2020;6,592.75
15.07.2020;6,615.07
14.07.2020;6,555.40
13.07.2020;6,467.84
10.07.2020;6,528.96
09.07.2020;6,461.31
08.07.2020;6,496.14
07.07.2020;6,445.59
06.07.2020;6,516.05
02.07.2020;6,414.16
01.07.2020;6,383.76
30.06.2020;6,351.67
29.06.2020;6,254.78
26.06.2020;6,163.50
25.06.2020;6,316.45
24.06.2020;6,247.66
23.06.2020;6,413.44
22.06.2020;6,385.91
19.06.2020;6,344.70
18.06.2020;6,379.56
17.06.2020;6,375.54
16.06.2020;6,398.58
15.06.2020;6,279.40
12.06.2020;6,227.42
11.06.2020;6,145.30
10.06.2020;6,529.42
09.06.2020;6,564.27
08.06.2020;6,615.40
05.06.2020;6,536.58
04.06.2020;6,369.54
03.06.2020;6,389.67
02.06.2020;6,303.00
01.06.2020;6,251.48
29.05.2020;6,227.81
28.05.2020;6,197.02
27.05.2020;6,209.38
26.05.2020;6,118.54
22.05.2020;6,044.16
21.05.2020;6,028.93
20.05.2020;6,075.76
19.05.2020;5,975.15
18.05.2020;6,037.90
15.05.2020;5,852.84
14.05.2020;5,829.33
13.05.2020;5,761.70
12.05.2020;5,863.68
11.05.2020;5,985.66
08.05.2020;5,984.55
07.05.2020;5,884.14
06.05.2020;5,815.17
05.05.2020;5,855.58
04.05.2020;5,803.12
01.05.2020;5,778.53
30.04.2020;5,944.68
29.04.2020;5,999.74
28.04.2020;5,844.18
27.04.2020;5,874.94
24.04.2020;5,789.65
23.04.2020;5,710.04
22.04.2020;5,712.65
21.04.2020;5,584.44
20.04.2020;5,761.00
17.04.2020;5,865.90
16.04.2020;5,712.60
15.04.2020;5,679.53
14.04.2020;5,807.10
13.04.2020;5,634.15
09.04.2020;5,691.54
08.04.2020;5,609.55
07.04.2020;5,423.52
06.04.2020;5,432.17
03.04.2020;5,075.16
02.04.2020;5,152.47
01.04.2020;5,036.64
31.03.2020;5,269.20
30.03.2020;5,354.39
27.03.2020;5,179.92
26.03.2020;5,360.49
25.03.2020;5,045.35
24.03.2020;4,987.80
23.03.2020;4,559.50
20.03.2020;4,697.09
19.03.2020;4,909.13
18.03.2020;4,885.76
17.03.2020;5,152.83
16.03.2020;4,861.22
13.03.2020;5,522.85
12.03.2020;5,051.97
11.03.2020;5,581.76
10.03.2020;5,868.11
09.03.2020;5,591.74
06.03.2020;6,050.80
05.03.2020;6,155.58
04.03.2020;6,370.35
03.03.2020;6,112.07
02.03.2020;6,288.64
28.02.2020;6,011.73
27.02.2020;6,060.67
26.02.2020;6,339.38
25.02.2020;6,363.37
24.02.2020;6,561.94
21.02.2020;6,788.60
20.02.2020;6,860.52
19.02.2020;6,886.47
18.02.2020;6,853.04
14.02.2020;6,872.68
13.02.2020;6,858.92
12.02.2020;6,867.92
11.02.2020;6,823.59
10.02.2020;6,811.83
07.02.2020;6,761.26
06.02.2020;6,796.64
05.02.2020;6,772.98
04.02.2020;6,697.49
03.02.2020;6,598.63
31.01.2020;6,551.00
30.01.2020;6,668.52
29.01.2020;6,646.69
28.01.2020;6,652.30
27.01.2020;6,585.95
24.01.2020;6,691.22
23.01.2020;6,752.09
22.01.2020;6,743.90
21.01.2020;6,741.71
17.01.2020;6,759.51
16.01.2020;6,733.35
15.01.2020;6,677.25
14.01.2020;6,664.66
13.01.2020;6,674.13
10.01.2020;6,627.87
09.01.2020;6,646.84
08.01.2020;6,601.15
07.01.2020;6,568.74
06.01.2020;6,586.54
03.01.2020;6,563.32
02.01.2020;6,609.29
31.12.2019;6,553.57
30.12.2019;6,533.91
27.12.2019;6,571.03
26.12.2019;6,570.71
24.12.2019;6,536.58
23.12.2019;6,537.40
20.12.2019;6,531.75
19.12.2019;6,499.26
18.12.2019;6,470.00
17.12.2019;6,472.24
16.12.2019;6,470.03
13.12.2019;6,423.93
12.12.2019;6,422.35
11.12.2019;6,366.84
10.12.2019;6,348.31
09.12.2019;6,355.07
06.12.2019;6,374.70
05.12.2019;6,316.69
04.12.2019;6,305.49
03.12.2019;6,265.22
02.12.2019;6,306.88
29.11.2019;6,361.56
27.11.2019;6,385.76
26.11.2019;6,358.46
25.11.2019;6,344.36
22.11.2019;6,296.34
21.11.2019;6,282.59
20.11.2019;6,292.17
19.11.2019;6,314.66
18.11.2019;6,318.02
15.11.2019;6,314.74
14.11.2019;6,265.42
13.11.2019;6,258.58
12.11.2019;6,253.91
11.11.2019;6,243.81
08.11.2019;6,256.11
07.11.2019;6,238.99
06.11.2019;6,219.10
05.11.2019;6,214.28
04.11.2019;6,221.63
01.11.2019;6,198.59
31.10.2019;6,138.73
30.10.2019;6,156.93
29.10.2019;6,136.47
28.10.2019;6,141.51
25.10.2019;6,107.42
24.10.2019;6,082.54
23.10.2019;6,070.87
22.10.2019;6,053.42
21.10.2019;6,074.90
18.10.2019;6,033.26
17.10.2019;6,056.84
16.10.2019;6,039.69
15.10.2019;6,051.39
14.10.2019;5,991.72
11.10.2019;6,000.04
10.10.2019;5,934.56
09.10.2019;5,896.60
08.10.2019;5,841.57
07.10.2019;5,933.76
04.10.2019;5,960.43
03.10.2019;5,876.86
02.10.2019;5,828.93
01.10.2019;5,935.20
30.09.2019;6,008.59
27.09.2019;5,978.11
26.09.2019;6,009.19
25.09.2019;6,023.46
24.09.2019;5,986.58
23.09.2019;6,036.90
20.09.2019;6,037.50
19.09.2019;6,066.90
18.09.2019;6,066.42
17.09.2019;6,064.31
16.09.2019;6,048.67
13.09.2019;6,067.50
12.09.2019;6,070.23
11.09.2019;6,051.87
10.09.2019;6,008.12
09.09.2019;6,005.99
06.09.2019;6,006.07
05.09.2019;6,000.38
04.09.2019;5,921.96
03.09.2019;5,857.95
30.08.2019;5,898.23
29.08.2019;5,893.65
28.08.2019;5,818.84
27.08.2019;5,780.79
26.08.2019;5,799.34
23.08.2019;5,735.63
22.08.2019;5,888.37
21.08.2019;5,891.19
20.08.2019;5,842.76
19.08.2019;5,888.93
16.08.2019;5,818.17
15.08.2019;5,734.49
14.08.2019;5,719.30
13.08.2019;5,890.16
12.08.2019;5,804.25
09.08.2019;5,873.47
08.08.2019;5,911.66
07.08.2019;5,801.32
06.08.2019;5,796.72
05.08.2019;5,721.80
02.08.2019;5,897.10
01.08.2019;5,939.83
31.07.2019;5,993.17
30.07.2019;6,058.96
29.07.2019;6,074.01
26.07.2019;6,083.82
25.07.2019;6,039.13
24.07.2019;6,071.05
23.07.2019;6,042.48
22.07.2019;6,001.28
19.07.2019;5,984.20
18.07.2019;6,021.15
17.07.2019;5,999.05
16.07.2019;6,038.40
15.07.2019;6,058.83
12.07.2019;6,057.77
11.07.2019;6,029.33
10.07.2019;6,015.56
09.07.2019;5,988.48
08.07.2019;5,979.34
05.07.2019;6,008.31
03.07.2019;6,018.54
02.07.2019;5,971.29
01.07.2019;5,953.63
28.06.2019;5,908.25
27.06.2019;5,874.15
26.06.2019;5,850.90
25.06.2019;5,858.13
24.06.2019;5,914.29
21.06.2019;5,924.54
20.06.2019;5,931.66
19.06.2019;5,875.45
18.06.2019;5,857.95
17.06.2019;5,801.40
14.06.2019;5,795.96
13.06.2019;5,804.53
12.06.2019;5,779.12
11.06.2019;5,790.83
10.06.2019;5,792.56
07.06.2019;5,765.66
06.06.2019;5,705.22
05.06.2019;5,668.89
04.06.2019;5,622.31
03.06.2019;5,504.05
31.05.2019;5,519.27
30.05.2019;5,591.97
29.05.2019;5,579.51
28.05.2019;5,618.18
24.05.2019;5,665.60
23.05.2019;5,657.10
22.05.2019;5,724.71
21.05.2019;5,740.81
20.05.2019;5,692.30
17.05.2019;5,730.89
16.05.2019;5,763.95
15.05.2019;5,711.49
14.05.2019;5,677.20
13.05.2019;5,631.41
10.05.2019;5,770.44
09.05.2019;5,747.08
08.05.2019;5,762.48
07.05.2019;5,771.59
06.05.2019;5,868.45
03.05.2019;5,894.30
02.05.2019;5,837.46
01.05.2019;5,849.65
30.04.2019;5,893.81
29.04.2019;5,888.05
26.04.2019;5,881.48
25.04.2019;5,853.87
24.04.2019;5,856.03
23.04.2019;5,868.88
22.04.2019;5,817.16
18.04.2019;5,811.13
17.04.2019;5,801.83
16.04.2019;5,814.46
15.04.2019;5,811.51
12.04.2019;5,815.04
11.04.2019;5,776.28
10.04.2019;5,775.99
09.04.2019;5,755.49
08.04.2019;5,788.86
05.04.2019;5,782.70
04.04.2019;5,755.96
03.04.2019;5,742.67
02.04.2019;5,730.35
01.04.2019;5,730.04
29.03.2019;5,664.46
28.03.2019;5,626.32
27.03.2019;5,605.32
26.03.2019;5,631.39
25.03.2019;5,591.23
22.03.2019;5,595.50
21.03.2019;5,703.28
20.03.2019;5,641.74
19.03.2019;5,658.15
18.03.2019;5,658.73
15.03.2019;5,637.77
14.03.2019;5,609.58
13.03.2019;5,612.56
12.03.2019;5,573.44
11.03.2019;5,556.77
08.03.2019;5,476.39
07.03.2019;5,487.56
06.03.2019;5,531.34
05.03.2019;5,567.40
04.03.2019;5,573.53
01.03.2019;5,595.11
28.02.2019;5,556.49
27.02.2019;5,570.57
26.02.2019;5,572.74
25.02.2019;5,577.09
22.02.2019;5,569.45
21.02.2019;5,533.80
20.02.2019;5,552.90
19.02.2019;5,541.98
15.02.2019;5,533.27
14.02.2019;5,473.33
13.02.2019;5,485.97
12.02.2019;5,468.98
11.02.2019;5,399.00
08.02.2019;5,395.12
07.02.2019;5,389.69
06.02.2019;5,439.80
05.02.2019;5,451.40
04.02.2019;5,425.80
01.02.2019;5,389.19
31.01.2019;5,383.63
30.01.2019;5,336.60
29.01.2019;5,254.31
28.01.2019;5,261.88
25.01.2019;5,303.51
24.01.2019;5,258.69
23.01.2019;5,251.29
22.01.2019;5,239.75
18.01.2019;5,314.78
17.01.2019;5,245.48
16.01.2019;5,205.45
15.01.2019;5,193.78
14.01.2019;5,138.58
11.01.2019;5,165.15
10.01.2019;5,165.90
09.01.2019;5,142.66
08.01.2019;5,120.04
07.01.2019;5,070.76
04.01.2019;5,035.45
03.01.2019;4,868.30
02.01.2019;4,990.56
31.12.2018;4,984.22
28.12.2018;4,941.61
27.12.2018;4,946.94
26.12.2018;4,904.49
24.12.2018;4,672.66
21.12.2018;4,802.51
20.12.2018;4,903.46
19.12.2018;4,981.92
18.12.2018;5,059.34
17.12.2018;5,058.58
14.12.2018;5,165.60
13.12.2018;5,265.46
12.12.2018;5,265.53
11.12.2018;5,237.10
10.12.2018;5,238.70
07.12.2018;5,229.44
06.12.2018;5,353.43
04.12.2018;5,359.91
03.12.2018;5,538.86
30.11.2018;5,478.91
29.11.2018;5,433.49
28.11.2018;5,444.12
27.11.2018;5,321.52
26.11.2018;5,304.17
23.11.2018;5,222.43
21.11.2018;5,256.61
20.11.2018;5,240.23
19.11.2018;5,336.70
16.11.2018;5,426.86
15.11.2018;5,414.43
14.11.2018;5,355.94
13.11.2018;5,395.37
12.11.2018;5,403.19
09.11.2018;5,511.79
08.11.2018;5,562.00
07.11.2018;5,573.06
06.11.2018;5,457.25
05.11.2018;5,422.88
02.11.2018;5,392.53
01.11.2018;5,426.33
31.10.2018;5,369.49
30.10.2018;5,311.67
29.10.2018;5,229.28
26.10.2018;5,263.74
25.10.2018;5,356.54
24.10.2018;5,258.61
23.10.2018;5,426.08
22.10.2018;5,455.88
19.10.2018;5,479.30
18.10.2018;5,481.13
17.10.2018;5,560.62
16.10.2018;5,561.80
15.10.2018;5,444.61
12.10.2018;5,476.83
11.10.2018;5,399.54
10.10.2018;5,512.94
09.10.2018;5,700.23
08.10.2018;5,706.66
05.10.2018;5,708.90
04.10.2018;5,740.56
03.10.2018;5,786.48
02.10.2018;5,782.37
01.10.2018;5,784.45
28.09.2018;5,763.42
27.09.2018;5,763.22
26.09.2018;5,746.27
25.09.2018;5,765.25
24.09.2018;5,772.36
21.09.2018;5,792.72
20.09.2018;5,794.72
19.09.2018;5,749.39
18.09.2018;5,742.18
17.09.2018;5,711.29
14.09.2018;5,743.19
13.09.2018;5,740.75
12.09.2018;5,709.08
11.09.2018;5,706.99
10.09.2018;5,685.34
07.09.2018;5,674.58
06.09.2018;5,686.70
05.09.2018;5,705.86
04.09.2018;5,721.86
31.08.2018;5,730.80
30.08.2018;5,729.45
29.08.2018;5,754.00
28.08.2018;5,720.89
27.08.2018;5,719.30
24.08.2018;5,675.12
23.08.2018;5,640.10
22.08.2018;5,649.31
21.08.2018;5,651.39
20.08.2018;5,639.53
17.08.2018;5,625.66
16.08.2018;5,606.56
15.08.2018;5,560.85
14.08.2018;5,602.41
13.08.2018;5,566.36
10.08.2018;5,588.66
09.08.2018;5,627.00
08.08.2018;5,633.67
07.08.2018;5,634.98
06.08.2018;5,619.05
03.08.2018;5,598.71
02.08.2018;5,572.08
01.08.2018;5,544.19
31.07.2018;5,549.96
30.07.2018;5,522.81
27.07.2018;5,554.31
26.07.2018;5,590.99
25.07.2018;5,607.99
24.07.2018;5,557.37
23.07.2018;5,530.65
20.07.2018;5,520.50
19.07.2018;5,525.51
18.07.2018;5,546.86
17.07.2018;5,534.91
16.07.2018;5,512.92
13.07.2018;5,518.33
12.07.2018;5,512.36
11.07.2018;5,464.01
10.07.2018;5,503.05
09.07.2018;5,483.89
06.07.2018;5,434.36
05.07.2018;5,388.28
03.07.2018;5,340.93
02.07.2018;5,367.49
29.06.2018;5,350.83
28.06.2018;5,346.44
27.06.2018;5,312.89
26.06.2018;5,359.01
25.06.2018;5,347.23
22.06.2018;5,421.63
21.06.2018;5,411.40
20.06.2018;5,445.43
19.06.2018;5,436.13
18.06.2018;5,457.83
15.06.2018;5,469.37
14.06.2018;5,474.37
13.06.2018;5,459.21
12.06.2018;5,481.07
11.06.2018;5,471.29
08.06.2018;5,465.42
07.06.2018;5,448.18
06.06.2018;5,451.09
05.06.2018;5,404.62
04.06.2018;5,400.50
01.06.2018;5,376.29
31.05.2018;5,318.10
30.05.2018;5,353.76
29.05.2018;5,285.70
25.05.2018;5,347.31
24.05.2018;5,359.32
23.05.2018;5,369.99
22.05.2018;5,352.45
21.05.2018;5,369.19
18.05.2018;5,329.66
17.05.2018;5,343.29
16.05.2018;5,346.33
15.05.2018;5,323.23
14.05.2018;5,359.66
11.05.2018;5,354.69
10.05.2018;5,343.70
09.05.2018;5,292.90
08.05.2018;5,241.53
07.05.2018;5,242.87
04.05.2018;5,224.71
03.05.2018;5,157.70
02.05.2018;5,168.79
01.05.2018;5,206.31
30.04.2018;5,193.04
27.04.2018;5,235.73
26.04.2018;5,229.61
25.04.2018;5,175.59
24.04.2018;5,166.10
23.04.2018;5,236.04
20.04.2018;5,235.75
19.04.2018;5,280.57
18.04.2018;5,310.32
17.04.2018;5,305.90
16.04.2018;5,249.94
13.04.2018;5,207.57
12.04.2018;5,222.54
11.04.2018;5,179.19
10.04.2018;5,207.73
09.04.2018;5,121.90
06.04.2018;5,103.35
05.04.2018;5,217.62
04.04.2018;5,181.31
03.04.2018;5,121.70
02.04.2018;5,057.69
29.03.2018;5,173.19
28.03.2018;5,102.69
27.03.2018;5,116.75
26.03.2018;5,206.69
23.03.2018;5,069.03
22.03.2018;5,177.52
21.03.2018;5,310.96
20.03.2018;5,320.20
19.03.2018;5,312.23
16.03.2018;5,388.74
15.03.2018;5,379.39
14.03.2018;5,383.27
13.03.2018;5,412.75
12.03.2018;5,447.10
09.03.2018;5,454.03
08.03.2018;5,360.73
07.03.2018;5,335.47
06.03.2018;5,337.69
05.03.2018;5,323.36
02.03.2018;5,265.24
01.03.2018;5,238.18
28.02.2018;5,308.09
27.02.2018;5,367.09
26.02.2018;5,435.38
23.02.2018;5,371.56
22.02.2018;5,286.50
21.02.2018;5,280.91
20.02.2018;5,309.99
16.02.2018;5,340.82
15.02.2018;5,338.35
14.02.2018;5,273.43
13.02.2018;5,202.22
12.02.2018;5,188.37
09.02.2018;5,116.99
08.02.2018;5,040.06
07.02.2018;5,235.84
06.02.2018;5,262.02
05.02.2018;5,171.26
02.02.2018;5,392.21
01.02.2018;5,508.70
31.01.2018;5,511.21
30.01.2018;5,508.36
29.01.2018;5,568.67
26.01.2018;5,606.09
25.01.2018;5,540.38
24.01.2018;5,537.03
23.01.2018;5,540.13
22.01.2018;5,527.89
19.01.2018;5,483.57
18.01.2018;5,459.50
17.01.2018;5,467.85
16.01.2018;5,416.85
12.01.2018;5,435.92
11.01.2018;5,399.46
10.01.2018;5,361.33
09.01.2018;5,367.26
08.01.2018;5,358.68
05.01.2018;5,349.69
04.01.2018;5,312.33
03.01.2018;5,289.92
02.01.2018;5,256.28
29.12.2017;5,212.76
28.12.2017;5,239.59
27.12.2017;5,229.01
26.12.2017;5,224.51
22.12.2017;5,229.79
21.12.2017;5,232.16
20.12.2017;5,221.79
19.12.2017;5,225.43
18.12.2017;5,242.28
15.12.2017;5,214.10
14.12.2017;5,167.45
13.12.2017;5,187.68
12.12.2017;5,189.96
11.12.2017;5,181.75
08.12.2017;5,165.19
07.12.2017;5,136.37
06.12.2017;5,120.46
05.12.2017;5,120.92
04.12.2017;5,139.91
01.12.2017;5,145.21
30.11.2017;5,155.44
29.11.2017;5,111.68
28.11.2017;5,112.91
27.11.2017;5,062.85
24.11.2017;5,064.23
22.11.2017;5,053.60
21.11.2017;5,056.95
20.11.2017;5,024.01
17.11.2017;5,017.45
16.11.2017;5,030.48
15.11.2017;4,987.96
14.11.2017;5,014.53
13.11.2017;5,025.36
10.11.2017;5,020.31
09.11.2017;5,023.01
08.11.2017;5,040.74
07.11.2017;5,033.38
06.11.2017;5,034.30
03.11.2017;5,027.49
02.11.2017;5,011.48
01.11.2017;5,009.99
31.10.2017;5,002.03
30.10.2017;4,997.15
27.10.2017;5,012.75
26.10.2017;4,972.60
25.10.2017;4,966.29
24.10.2017;4,989.56
23.10.2017;4,981.37
20.10.2017;5,001.11
19.10.2017;4,975.32
18.10.2017;4,973.28
17.10.2017;4,969.38
16.10.2017;4,966.05
13.10.2017;4,957.27
12.10.2017;4,952.85
11.10.2017;4,960.79
10.10.2017;4,951.77
09.10.2017;4,940.16
06.10.2017;4,949.09
05.10.2017;4,952.85
04.10.2017;4,924.19
03.10.2017;4,917.73
02.10.2017;4,906.92
29.09.2017;4,887.97
28.09.2017;4,869.81
27.09.2017;4,862.93
26.09.2017;4,843.14
25.09.2017;4,842.41
22.09.2017;4,853.20
21.09.2017;4,849.95
20.09.2017;4,864.61
19.09.2017;4,861.52
18.09.2017;4,856.08
15.09.2017;4,848.84
14.09.2017;4,839.29
13.09.2017;4,843.04
12.09.2017;4,839.31
11.09.2017;4,822.80
08.09.2017;4,771.02
07.09.2017;4,777.93
06.09.2017;4,777.69
05.09.2017;4,762.75
01.09.2017;4,798.99
31.08.2017;4,789.18
30.08.2017;4,761.72
29.08.2017;4,738.62
28.08.2017;4,733.97
25.08.2017;4,731.46
24.08.2017;4,723.03
23.08.2017;4,732.76
22.08.2017;4,748.73
21.08.2017;4,701.82
18.08.2017;4,696.22
17.08.2017;4,704.73
16.08.2017;4,778.28
15.08.2017;4,770.15
14.08.2017;4,771.43
11.08.2017;4,723.73
10.08.2017;4,717.40
09.08.2017;4,784.94
08.08.2017;4,786.12
07.08.2017;4,797.13
04.08.2017;4,789.11
03.08.2017;4,779.99
02.08.2017;4,789.54
01.08.2017;4,786.27
31.07.2017;4,774.56
28.07.2017;4,778.02
27.07.2017;4,784.26
26.07.2017;4,788.41
25.07.2017;4,787.04
24.07.2017;4,773.10
21.07.2017;4,778.07
20.07.2017;4,779.84
19.07.2017;4,780.25
18.07.2017;4,754.27
17.07.2017;4,751.33
14.07.2017;4,751.43
13.07.2017;4,729.25
12.07.2017;4,720.28
11.07.2017;4,685.64
10.07.2017;4,689.25
07.07.2017;4,684.88
06.07.2017;4,655.02
05.07.2017;4,697.34
03.07.2017;4,689.61
30.06.2017;4,678.36
29.06.2017;4,670.96
28.06.2017;4,711.33
27.06.2017;4,669.27
26.06.2017;4,707.27
23.06.2017;4,705.73
22.06.2017;4,698.40
21.06.2017;4,700.50
20.06.2017;4,702.82
19.06.2017;4,734.48
16.06.2017;4,695.23
15.06.2017;4,693.86
14.06.2017;4,703.53
13.06.2017;4,707.88
12.06.2017;4,685.54
09.06.2017;4,689.79
08.06.2017;4,693.67
07.06.2017;4,692.29
06.06.2017;4,683.96
05.06.2017;4,697.00
02.06.2017;4,702.56
01.06.2017;4,685.11
31.05.2017;4,649.34
30.05.2017;4,650.76
26.05.2017;4,655.65
25.05.2017;4,653.59
24.05.2017;4,632.37
23.05.2017;4,620.70
22.05.2017;4,612.12
19.05.2017;4,588.35
18.05.2017;4,557.41
17.05.2017;4,540.58
16.05.2017;4,623.26
15.05.2017;4,625.52
12.05.2017;4,602.96
11.05.2017;4,609.69
10.05.2017;4,618.19
09.05.2017;4,611.21
08.05.2017;4,615.73
05.05.2017;4,615.09
04.05.2017;4,596.24
03.05.2017;4,593.32
02.05.2017;4,598.24
01.05.2017;4,592.78
28.04.2017;4,584.82
27.04.2017;4,593.57
26.04.2017;4,590.56
25.04.2017;4,592.74
24.04.2017;4,564.93
21.04.2017;4,515.90
20.04.2017;4,529.65
19.04.2017;4,495.56
18.04.2017;4,502.66
17.04.2017;4,515.65
13.04.2017;4,477.07
12.04.2017;4,507.76
11.04.2017;4,524.71
10.04.2017;4,530.57
07.04.2017;4,527.20
06.04.2017;4,530.93
05.04.2017;4,520.86
04.04.2017;4,534.25
03.04.2017;4,530.98
31.03.2017;4,538.21
30.03.2017;4,548.46
29.03.2017;4,535.01
28.03.2017;4,529.17
27.03.2017;4,496.53
24.03.2017;4,501.11
23.03.2017;4,504.92
22.03.2017;4,509.65
21.03.2017;4,500.98
20.03.2017;4,557.12
17.03.2017;4,566.17
16.03.2017;4,572.16
15.03.2017;4,579.44
14.03.2017;4,541.26
13.03.2017;4,556.44
10.03.2017;4,553.28
09.03.2017;4,538.36
08.03.2017;4,534.68
07.03.2017;4,543.75
06.03.2017;4,556.72
03.03.2017;4,571.60
02.03.2017;4,569.17
01.03.2017;4,595.73
28.02.2017;4,532.93
27.02.2017;4,544.51
24.02.2017;4,539.25
23.02.2017;4,531.39
22.02.2017;4,528.97
21.02.2017;4,533.46
17.02.2017;4,506.20
16.02.2017;4,498.56
15.02.2017;4,501.99
14.02.2017;4,478.98
13.02.2017;4,459.83
10.02.2017;4,435.42
09.02.2017;4,419.40
08.02.2017;4,393.31
07.02.2017;4,388.87
06.02.2017;4,387.67
03.02.2017;4,396.95
02.02.2017;4,364.85
01.02.2017;4,362.10
31.01.2017;4,359.81
30.01.2017;4,363.67
27.01.2017;4,389.85
26.01.2017;4,393.43
25.01.2017;4,396.57
24.01.2017;4,361.56
23.01.2017;4,333.10
20.01.2017;4,344.67
19.01.2017;4,329.96
18.01.2017;4,345.57
17.01.2017;4,337.20
13.01.2017;4,350.11
12.01.2017;4,342.09
11.01.2017;4,351.32
10.01.2017;4,338.64
09.01.2017;4,338.62
06.01.2017;4,354.05
05.01.2017;4,337.45
04.01.2017;4,340.75
03.01.2017;4,315.08
30.12.2016;4,278.66
29.12.2016;4,298.39
28.12.2016;4,299.46
27.12.2016;4,334.93
23.12.2016;4,325.17
22.12.2016;4,319.33
21.12.2016;4,326.85
20.12.2016;4,337.36
19.12.2016;4,321.02
16.12.2016;4,312.40
15.12.2016;4,319.84
14.12.2016;4,302.93
13.12.2016;4,337.86
12.12.2016;4,308.94
09.12.2016;4,313.60
08.12.2016;4,288.10
07.12.2016;4,278.44
06.12.2016;4,222.04
05.12.2016;4,207.57
02.12.2016;4,182.81
01.12.2016;4,181.15
30.11.2016;4,195.73
29.11.2016;4,205.99
28.11.2016;4,199.39
25.11.2016;4,221.02
23.11.2016;4,204.49
22.11.2016;4,200.95
21.11.2016;4,191.68
18.11.2016;4,160.58
17.11.2016;4,169.87
16.11.2016;4,150.21
15.11.2016;4,155.62
14.11.2016;4,123.81
11.11.2016;4,123.69
10.11.2016;4,129.46
09.11.2016;4,121.03
08.11.2016;4,075.61
07.11.2016;4,058.30
04.11.2016;3,970.02
03.11.2016;3,976.56
02.11.2016;3,992.76
01.11.2016;4,018.47
31.10.2016;4,045.89
28.10.2016;4,046.36
27.10.2016;4,058.75
26.10.2016;4,070.76
25.10.2016;4,077.80
24.10.2016;4,093.22
21.10.2016;4,073.85
20.10.2016;4,074.18
19.10.2016;4,079.50
18.10.2016;4,069.99
17.10.2016;4,045.07
14.10.2016;4,057.28
13.10.2016;4,056.45
12.10.2016;4,068.92
11.10.2016;4,063.92
10.10.2016;4,115.12
07.10.2016;4,096.25
06.10.2016;4,109.49
05.10.2016;4,107.40
04.10.2016;4,088.17
03.10.2016;4,108.13
30.09.2016;4,121.06
29.09.2016;4,088.47
28.09.2016;4,126.83
27.09.2016;4,104.18
26.09.2016;4,077.71
23.09.2016;4,112.69
22.09.2016;4,136.41
21.09.2016;4,109.63
20.09.2016;4,065.20
19.09.2016;4,063.94
16.09.2016;4,063.97
15.09.2016;4,079.32
14.09.2016;4,037.83
13.09.2016;4,039.92
12.09.2016;4,099.47
09.09.2016;4,039.95
08.09.2016;4,141.46
07.09.2016;4,150.51
06.09.2016;4,150.11
02.09.2016;4,137.70
01.09.2016;4,120.17
31.08.2016;4,120.29
30.08.2016;4,129.34
29.08.2016;4,136.75
26.08.2016;4,114.68
25.08.2016;4,121.09
24.08.2016;4,126.65
23.08.2016;4,148.17
22.08.2016;4,139.97
19.08.2016;4,142.23
18.08.2016;4,147.64
17.08.2016;4,138.42
16.08.2016;4,129.68
15.08.2016;4,151.69
12.08.2016;4,139.63
11.08.2016;4,142.72
10.08.2016;4,122.65
09.08.2016;4,132.96
08.08.2016;4,131.19
05.08.2016;4,134.56
04.08.2016;4,099.21
03.08.2016;4,097.30
02.08.2016;4,083.25
01.08.2016;4,109.28
29.07.2016;4,114.51
28.07.2016;4,107.75
27.07.2016;4,100.81
26.07.2016;4,105.57
25.07.2016;4,104.13
22.07.2016;4,116.50
21.07.2016;4,097.82
20.07.2016;4,112.61
19.07.2016;4,094.61
18.07.2016;4,100.40
15.07.2016;4,090.49
14.07.2016;4,094.28
13.07.2016;4,072.77
12.07.2016;4,071.85
11.07.2016;4,043.49
08.07.2016;4,029.75
07.07.2016;3,969.19
06.07.2016;3,972.26
05.07.2016;3,949.72
01.07.2016;3,976.68
30.06.2016;3,968.21
29.06.2016;3,915.10
28.06.2016;3,849.05
27.06.2016;3,781.02
24.06.2016;3,850.70
23.06.2016;3,994.18
22.06.2016;3,941.45
21.06.2016;3,947.94
20.06.2016;3,936.91
17.06.2016;3,914.15
16.06.2016;3,926.93
15.06.2016;3,914.02
14.06.2016;3,920.93
13.06.2016;3,927.73
10.06.2016;3,958.68
09.06.2016;3,995.28
08.06.2016;4,001.98
07.06.2016;3,987.96
06.06.2016;3,982.74
03.06.2016;3,963.23
02.06.2016;3,974.76
01.06.2016;3,963.10
31.05.2016;3,957.95
27.05.2016;3,961.67
26.05.2016;3,944.05
25.05.2016;3,944.33
24.05.2016;3,916.77
23.05.2016;3,863.82
20.05.2016;3,871.75
19.05.2016;3,847.97
18.05.2016;3,862.25
17.05.2016;3,860.88
16.05.2016;3,896.36
13.05.2016;3,858.17
12.05.2016;3,890.85
11.05.2016;3,891.13
10.05.2016;3,926.63
09.05.2016;3,878.14
06.05.2016;3,875.18
05.05.2016;3,862.40
04.05.2016;3,862.40
03.05.2016;3,884.63
02.05.2016;3,918.53
29.04.2016;3,888.13
28.04.2016;3,907.88
27.04.2016;3,944.02
26.04.2016;3,937.23
25.04.2016;3,929.88
22.04.2016;3,937.00
21.04.2016;3,936.80
20.04.2016;3,957.25
19.04.2016;3,954.01
18.04.2016;3,941.86
15.04.2016;3,916.17
14.04.2016;3,920.03
13.04.2016;3,918.95
12.04.2016;3,879.42
11.04.2016;3,842.17
08.04.2016;3,852.72
07.04.2016;3,841.98
06.04.2016;3,888.41
05.04.2016;3,846.59
04.04.2016;3,886.00
01.04.2016;3,897.66
31.03.2016;3,873.11
30.03.2016;3,881.01
29.03.2016;3,863.80
28.03.2016;3,829.26
24.03.2016;3,827.14
23.03.2016;3,828.58
22.03.2016;3,853.18
21.03.2016;3,855.97
18.03.2016;3,852.15
17.03.2016;3,835.26
16.03.2016;3,810.09
15.03.2016;3,788.62
14.03.2016;3,795.53
11.03.2016;3,800.07
10.03.2016;3,737.74
09.03.2016;3,736.92
08.03.2016;3,717.49
07.03.2016;3,759.05
04.03.2016;3,755.47
03.03.2016;3,743.02
02.03.2016;3,729.59
01.03.2016;3,713.70
29.02.2016;3,627.06
26.02.2016;3,656.42
25.02.2016;3,662.84
24.02.2016;3,620.87
23.02.2016;3,604.68
22.02.2016;3,649.92
19.02.2016;3,597.92
18.02.2016;3,597.49
17.02.2016;3,614.16
16.02.2016;3,555.20
12.02.2016;3,496.28
11.02.2016;3,428.99
10.02.2016;3,471.04
09.02.2016;3,470.50
08.02.2016;3,472.08
05.02.2016;3,521.60
04.02.2016;3,587.71
03.02.2016;3,581.53
02.02.2016;3,562.52
01.02.2016;3,630.46
29.01.2016;3,631.96
28.01.2016;3,544.13
27.01.2016;3,524.33
26.01.2016;3,562.81
25.01.2016;3,513.11
22.01.2016;3,568.90
21.01.2016;3,497.94
20.01.2016;3,479.75
19.01.2016;3,520.40
15.01.2016;3,518.51
14.01.2016;3,596.03
13.01.2016;3,536.92
12.01.2016;3,627.06
11.01.2016;3,598.97
08.01.2016;3,595.91
07.01.2016;3,635.29
06.01.2016;3,723.44
05.01.2016;3,771.57
04.01.2016;3,763.99
31.12.2015;3,821.60
30.12.2015;3,857.90
29.12.2015;3,885.55
28.12.2015;3,843.94
24.12.2015;3,852.31
23.12.2015;3,858.47
22.12.2015;3,810.85
21.12.2015;3,777.15
18.12.2015;3,747.56
17.12.2015;3,815.46
16.12.2015;3,873.12
15.12.2015;3,817.36
14.12.2015;3,777.22
11.12.2015;3,759.09
10.12.2015;3,832.93
09.12.2015;3,823.90
08.12.2015;3,853.48
07.12.2015;3,878.31
04.12.2015;3,905.31
03.12.2015;3,826.74
02.12.2015;3,882.38
01.12.2015;3,924.63
30.11.2015;3,882.84
27.11.2015;3,900.74
25.11.2015;3,897.57
24.11.2015;3,897.67
23.11.2015;3,892.80
20.11.2015;3,897.45
19.11.2015;3,882.06
18.11.2015;3,886.26
17.11.2015;3,824.14
16.11.2015;3,828.46
13.11.2015;3,771.58
12.11.2015;3,814.29
11.11.2015;3,867.71
10.11.2015;3,880.23
09.11.2015;3,873.37
06.11.2015;3,910.98
05.11.2015;3,911.89
04.11.2015;3,915.52
03.11.2015;3,928.05
02.11.2015;3,917.30
30.10.2015;3,871.33
29.10.2015;3,890.04
28.10.2015;3,891.35
27.10.2015;3,845.45
26.10.2015;3,855.29
23.10.2015;3,862.65
22.10.2015;3,820.49
21.10.2015;3,757.91
20.10.2015;3,779.44
19.10.2015;3,784.72
16.10.2015;3,783.64
15.10.2015;3,766.43
14.10.2015;3,711.11
13.10.2015;3,728.48
12.10.2015;3,753.73
09.10.2015;3,748.96
08.10.2015;3,746.12
07.10.2015;3,713.36
06.10.2015;3,682.33
05.10.2015;3,695.61
02.10.2015;3,629.04
01.10.2015;3,577.47
30.09.2015;3,570.17
29.09.2015;3,503.13
28.09.2015;3,498.61
25.09.2015;3,589.71
24.09.2015;3,591.37
23.09.2015;3,603.49
22.09.2015;3,610.70
21.09.2015;3,655.64
18.09.2015;3,638.99
17.09.2015;3,698.74
16.09.2015;3,707.62
15.09.2015;3,675.48
14.09.2015;3,628.87
11.09.2015;3,643.54
10.09.2015;3,626.14
09.09.2015;3,606.80
08.09.2015;3,657.32
04.09.2015;3,567.41
03.09.2015;3,622.66
02.09.2015;3,618.25
01.09.2015;3,552.66
31.08.2015;3,660.75
28.08.2015;3,691.30
27.08.2015;3,688.60
26.08.2015;3,600.73
25.08.2015;3,465.19
24.08.2015;3,512.65
21.08.2015;3,656.67
20.08.2015;3,776.36
19.08.2015;3,857.74
18.08.2015;3,889.60
17.08.2015;3,899.10
14.08.2015;3,878.16
13.08.2015;3,863.03
12.08.2015;3,867.37
11.08.2015;3,862.81
10.08.2015;3,899.36
07.08.2015;3,849.96
06.08.2015;3,860.92
05.08.2015;3,889.99
04.08.2015;3,876.44
03.08.2015;3,885.07
31.07.2015;3,895.80
30.07.2015;3,904.64
29.07.2015;3,904.21
28.07.2015;3,875.37
27.07.2015;3,827.93
24.07.2015;3,850.15
23.07.2015;3,891.79
22.07.2015;3,913.75
21.07.2015;3,922.70
20.07.2015;3,939.35
17.07.2015;3,936.22
16.07.2015;3,931.85
15.07.2015;3,900.50
14.07.2015;3,903.31
13.07.2015;3,885.97
10.07.2015;3,843.10
09.07.2015;3,796.26
08.07.2015;3,787.67
07.07.2015;3,850.66
06.07.2015;3,827.35
02.07.2015;3,842.06
01.07.2015;3,843.26
30.06.2015;3,815.85
29.06.2015;3,805.50
26.06.2015;3,886.21
25.06.2015;3,887.04
24.06.2015;3,898.47
23.06.2015;3,927.23
22.06.2015;3,924.41
19.06.2015;3,900.64
18.06.2015;3,921.43
17.06.2015;3,882.49
16.06.2015;3,874.73
15.06.2015;3,852.75
12.06.2015;3,870.56
11.06.2015;3,897.59
10.06.2015;3,889.70
09.06.2015;3,843.16
08.06.2015;3,841.45
05.06.2015;3,865.83
04.06.2015;3,871.23
03.06.2015;3,904.83
02.06.2015;3,895.85
01.06.2015;3,899.59
29.05.2015;3,891.18
28.05.2015;3,915.82
27.05.2015;3,920.11
26.05.2015;3,883.88
22.05.2015;3,924.16
21.05.2015;3,932.90
20.05.2015;3,923.18
19.05.2015;3,926.41
18.05.2015;3,928.15
15.05.2015;3,915.99
14.05.2015;3,912.52
13.05.2015;3,870.36
12.05.2015;3,870.69
11.05.2015;3,881.93
08.05.2015;3,901.01
07.05.2015;3,849.13
06.05.2015;3,833.70
05.05.2015;3,849.41
04.05.2015;3,895.16
01.05.2015;3,883.75
30.04.2015;3,841.78
29.04.2015;3,880.90
28.04.2015;3,895.21
27.04.2015;3,884.10
24.04.2015;3,900.24
23.04.2015;3,891.46
22.04.2015;3,881.93
21.04.2015;3,862.15
20.04.2015;3,867.82
17.04.2015;3,832.33
16.04.2015;3,876.17
15.04.2015;3,879.10
14.04.2015;3,859.22
13.04.2015;3,852.93
10.04.2015;3,870.31
09.04.2015;3,850.29
08.04.2015;3,833.20
07.04.2015;3,821.49
06.04.2015;3,829.31
02.04.2015;3,804.14
01.04.2015;3,790.66
31.03.2015;3,805.27
30.03.2015;3,838.65
27.03.2015;3,791.90
26.03.2015;3,782.21
25.03.2015;3,791.13
24.03.2015;3,847.05
23.03.2015;3,870.49
20.03.2015;3,877.26
19.03.2015;3,842.62
18.03.2015;3,861.39
17.03.2015;3,814.91
16.03.2015;3,827.62
13.03.2015;3,776.44
12.03.2015;3,799.43
11.03.2015;3,751.20
10.03.2015;3,757.83
09.03.2015;3,822.42
06.03.2015;3,807.04
05.03.2015;3,861.29
04.03.2015;3,856.51
03.03.2015;3,872.71
02.03.2015;3,890.32
27.02.2015;3,866.42
26.02.2015;3,877.85
25.02.2015;3,882.95
24.02.2015;3,885.27
23.02.2015;3,874.46
20.02.2015;3,875.60
19.02.2015;3,851.53
18.02.2015;3,855.00
17.02.2015;3,856.04
13.02.2015;3,849.29
12.02.2015;3,833.35
11.02.2015;3,795.82
10.02.2015;3,794.62
09.02.2015;3,754.36
06.02.2015;3,770.20
05.02.2015;3,782.11
04.02.2015;3,742.84
03.02.2015;3,757.34
02.02.2015;3,703.77
30.01.2015;3,656.28
29.01.2015;3,704.35
28.01.2015;3,669.10
27.01.2015;3,718.99
26.01.2015;3,769.45
23.01.2015;3,759.76
22.01.2015;3,780.51
21.01.2015;3,723.62
20.01.2015;3,705.65
16.01.2015;3,699.79
15.01.2015;3,650.74
14.01.2015;3,684.72
13.01.2015;3,706.15
12.01.2015;3,715.36
09.01.2015;3,745.67
08.01.2015;3,777.40
07.01.2015;3,710.94
06.01.2015;3,667.14
05.01.2015;3,700.03
02.01.2015;3,768.68
31.12.2014;3,769.44
30.12.2014;3,808.69
29.12.2014;3,826.95
26.12.2014;3,823.00
24.12.2014;3,810.39
23.12.2014;3,810.78
22.12.2014;3,803.94
19.12.2014;3,788.97
18.12.2014;3,771.72
17.12.2014;3,682.70
16.12.2014;3,609.06
15.12.2014;3,639.97
12.12.2014;3,663.10
11.12.2014;3,723.32
10.12.2014;3,705.51
09.12.2014;3,766.83
08.12.2014;3,767.70
05.12.2014;3,794.68
04.12.2014;3,788.34
03.12.2014;3,792.69
02.12.2014;3,777.47
01.12.2014;3,753.31
28.11.2014;3,778.96
26.11.2014;3,788.42
25.11.2014;3,776.94
24.11.2014;3,780.88
21.11.2014;3,770.03
20.11.2014;3,749.87
19.11.2014;3,742.35
18.11.2014;3,747.74
17.11.2014;3,727.86
14.11.2014;3,724.92
13.11.2014;3,723.58
12.11.2014;3,721.30
11.11.2014;3,722.84
10.11.2014;3,720.25
07.11.2014;3,708.46
06.11.2014;3,706.45
05.11.2014;3,691.38
04.11.2014;3,669.18
03.11.2014;3,679.58
31.10.2014;3,679.99
30.10.2014;3,637.30
29.10.2014;3,614.53
28.10.2014;3,619.16
27.10.2014;3,576.47
24.10.2014;3,581.82
23.10.2014;3,556.70
22.10.2014;3,513.47
21.10.2014;3,538.90
20.10.2014;3,470.89
17.10.2014;3,439.39
16.10.2014;3,395.64
15.10.2014;3,395.03
14.10.2014;3,422.43
13.10.2014;3,417.01
10.10.2014;3,474.23
09.10.2014;3,514.12
08.10.2014;3,588.07
07.10.2014;3,525.29
06.10.2014;3,579.42
03.10.2014;3,584.94
02.10.2014;3,545.30
01.10.2014;3,544.98
30.09.2014;3,592.25
29.09.2014;3,602.09
26.09.2014;3,610.98
25.09.2014;3,579.61
24.09.2014;3,638.44
23.09.2014;3,610.10
22.09.2014;3,630.70
19.09.2014;3,660.03
18.09.2014;3,661.73
17.09.2014;3,643.40
16.09.2014;3,638.60
15.09.2014;3,611.52
12.09.2014;3,614.06
11.09.2014;3,635.66
10.09.2014;3,631.45
09.09.2014;3,617.89
08.09.2014;3,641.66
05.09.2014;3,652.26
04.09.2014;3,633.87
03.09.2014;3,639.35
02.09.2014;3,641.52
29.08.2014;3,643.34
28.08.2014;3,630.98
27.08.2014;3,636.64
26.08.2014;3,635.71
25.08.2014;3,631.86
22.08.2014;3,614.50
21.08.2014;3,621.23
20.08.2014;3,610.49
19.08.2014;3,601.33
18.08.2014;3,582.70
15.08.2014;3,552.17
14.08.2014;3,551.97
13.08.2014;3,536.42
12.08.2014;3,511.96
11.08.2014;3,517.53
08.08.2014;3,507.21
07.08.2014;3,467.14
06.08.2014;3,485.67
05.08.2014;3,484.56
04.08.2014;3,518.31
01.08.2014;3,493.18
31.07.2014;3,503.19
30.07.2014;3,574.45
29.07.2014;3,573.65
28.07.2014;3,589.73
25.07.2014;3,588.68
24.07.2014;3,606.10
23.07.2014;3,604.30
22.07.2014;3,597.95
21.07.2014;3,579.99
18.07.2014;3,588.21
17.07.2014;3,551.73
16.07.2014;3,593.91
15.07.2014;3,578.46
14.07.2014;3,585.37
11.07.2014;3,568.08
10.07.2014;3,562.49
09.07.2014;3,577.28
08.07.2014;3,560.53
07.07.2014;3,584.75
03.07.2014;3,598.73
02.07.2014;3,579.11
01.07.2014;3,576.55
30.06.2014;3,552.18
27.06.2014;3,553.35
26.06.2014;3,546.38
25.06.2014;3,549.96
24.06.2014;3,532.57
23.06.2014;3,555.14
20.06.2014;3,555.60
19.06.2014;3,549.44
18.06.2014;3,544.42
17.06.2014;3,517.23
16.06.2014;3,509.54
13.06.2014;3,506.58
12.06.2014;3,495.57
11.06.2014;3,519.52
10.06.2014;3,531.62
09.06.2014;3,532.47
06.06.2014;3,528.98
05.06.2014;3,512.21
04.06.2014;3,489.21
03.06.2014;3,482.00
02.06.2014;3,483.14
30.05.2014;3,480.29
29.05.2014;3,473.86
28.05.2014;3,454.88
27.05.2014;3,458.19
23.05.2014;3,437.58
22.05.2014;3,422.99
21.05.2014;3,414.45
20.05.2014;3,386.48
19.05.2014;3,408.52
16.05.2014;3,395.21
15.05.2014;3,382.52
14.05.2014;3,413.84
13.05.2014;3,429.30
12.05.2014;3,427.01
09.05.2014;3,394.05
08.05.2014;3,388.29
07.05.2014;3,392.10
06.05.2014;3,371.72
05.05.2014;3,402.23
02.05.2014;3,395.61
01.05.2014;3,400.20
30.04.2014;3,400.46
29.04.2014;3,390.16
28.04.2014;3,374.04
25.04.2014;3,362.95
24.04.2014;3,390.40
23.04.2014;3,384.50
22.04.2014;3,391.58
21.04.2014;3,377.75
17.04.2014;3,365.00
16.04.2014;3,360.27
15.04.2014;3,325.30
14.04.2014;3,302.98
11.04.2014;3,276.04
10.04.2014;3,307.08
09.04.2014;3,377.61
08.04.2014;3,340.84
07.04.2014;3,327.27
04.04.2014;3,363.41
03.04.2014;3,406.00
02.04.2014;3,409.80
01.04.2014;3,399.51
31.03.2014;3,375.51
28.03.2014;3,348.83
27.03.2014;3,333.23
26.03.2014;3,339.00
25.03.2014;3,362.44
24.03.2014;3,347.36
21.03.2014;3,363.72
20.03.2014;3,373.60
19.03.2014;3,353.29
18.03.2014;3,373.98
17.03.2014;3,349.71
14.03.2014;3,317.81
13.03.2014;3,327.11
12.03.2014;3,366.07
11.03.2014;3,364.17
10.03.2014;3,381.22
07.03.2014;3,382.57
06.03.2014;3,380.49
05.03.2014;3,374.10
04.03.2014;3,373.64
03.03.2014;3,322.85
28.02.2014;3,347.38
27.02.2014;3,338.05
26.02.2014;3,321.15
25.02.2014;3,320.43
24.02.2014;3,324.84
21.02.2014;3,304.36
20.02.2014;3,310.27
19.02.2014;3,289.83
18.02.2014;3,311.27
14.02.2014;3,306.92
13.02.2014;3,290.82
12.02.2014;3,271.47
11.02.2014;3,270.74
10.02.2014;3,234.79
07.02.2014;3,229.64
06.02.2014;3,187.25
05.02.2014;3,146.49
04.02.2014;3,151.94
03.02.2014;3,127.87
31.01.2014;3,200.95
30.01.2014;3,221.78
29.01.2014;3,185.70
28.01.2014;3,218.21
27.01.2014;3,198.57
24.01.2014;3,214.13
23.01.2014;3,282.64
22.01.2014;3,312.04
21.01.2014;3,309.74
17.01.2014;3,300.51
16.01.2014;3,313.36
15.01.2014;3,317.75
14.01.2014;3,300.61
13.01.2014;3,265.27
10.01.2014;3,306.49
09.01.2014;3,298.87
08.01.2014;3,297.74
07.01.2014;3,297.45
06.01.2014;3,277.48
03.01.2014;3,285.68
02.01.2014;3,286.69
31.12.2013;3,315.59
30.12.2013;3,302.30
27.12.2013;3,302.66
26.12.2013;3,303.15
24.12.2013;3,287.55
23.12.2013;3,277.62
20.12.2013;3,259.79
19.12.2013;3,244.15
18.12.2013;3,245.59
17.12.2013;3,192.33
16.12.2013;3,202.22
13.12.2013;3,182.07
12.12.2013;3,182.33
11.12.2013;3,193.52
10.12.2013;3,229.72
09.12.2013;3,239.99
06.12.2013;3,233.99
05.12.2013;3,197.76
04.12.2013;3,211.59
03.12.2013;3,214.95
02.12.2013;3,225.06
29.11.2013;3,233.72
27.11.2013;3,236.14
26.11.2013;3,227.36
25.11.2013;3,226.53
22.11.2013;3,230.54
21.11.2013;3,214.16
20.11.2013;3,188.04
19.11.2013;3,199.51
18.11.2013;3,205.46
15.11.2013;3,217.20
14.11.2013;3,203.65
13.11.2013;3,187.64
12.11.2013;3,161.10
11.11.2013;3,168.41
08.11.2013;3,166.10
07.11.2013;3,124.12
06.11.2013;3,165.13
05.11.2013;3,149.96
04.11.2013;3,158.47
01.11.2013;3,147.21
31.10.2013;3,138.09
30.10.2013;3,149.93
29.10.2013;3,165.11
28.10.2013;3,147.36
25.10.2013;3,143.16
24.10.2013;3,129.41
23.10.2013;3,119.20
22.10.2013;3,133.98
21.10.2013;3,116.09
18.10.2013;3,115.77
17.10.2013;3,095.42
16.10.2013;3,074.54
15.10.2013;3,032.27
14.10.2013;3,053.84
11.10.2013;3,041.43
10.10.2013;3,022.43
09.10.2013;2,957.40
08.10.2013;2,955.41
07.10.2013;2,991.39
04.10.2013;3,017.05
03.10.2013;2,995.81
02.10.2013;3,022.95
01.10.2013;3,024.38
30.09.2013;3,000.18
27.09.2013;3,018.24
26.09.2013;3,030.41
25.09.2013;3,019.31
24.09.2013;3,027.52
23.09.2013;3,035.09
20.09.2013;3,049.47
19.09.2013;3,071.61
18.09.2013;3,076.81
17.09.2013;3,039.75
16.09.2013;3,026.94
13.09.2013;3,009.79
12.09.2013;3,001.62
11.09.2013;3,010.94
10.09.2013;3,001.36
09.09.2013;2,979.45
06.09.2013;2,949.80
05.09.2013;2,949.27
04.09.2013;2,945.62
03.09.2013;2,921.23
30.08.2013;2,908.96
29.08.2013;2,917.96
28.08.2013;2,911.83
27.08.2013;2,903.29
26.08.2013;2,950.13
23.08.2013;2,962.06
22.08.2013;2,949.96
21.08.2013;2,924.73
20.08.2013;2,941.58
19.08.2013;2,930.27
16.08.2013;2,947.46
15.08.2013;2,957.08
14.08.2013;2,999.42
13.08.2013;3,014.43
12.08.2013;3,005.42
09.08.2013;3,008.79
08.08.2013;3,019.00
07.08.2013;3,006.63
06.08.2013;3,017.16
05.08.2013;3,034.43
02.08.2013;3,038.63
01.08.2013;3,033.59
31.07.2013;2,995.72
30.07.2013;2,995.68
29.07.2013;2,994.45
26.07.2013;3,005.51
25.07.2013;3,003.01
24.07.2013;2,995.30
23.07.2013;3,006.72
22.07.2013;3,012.30
19.07.2013;3,006.13
18.07.2013;3,001.21
17.07.2013;2,985.85
16.07.2013;2,977.26
15.07.2013;2,988.35
12.07.2013;2,984.24
11.07.2013;2,975.06
10.07.2013;2,934.97
09.07.2013;2,934.31
08.07.2013;2,913.20
05.07.2013;2,897.12
03.07.2013;2,867.85
02.07.2013;2,865.48
01.07.2013;2,866.41
28.06.2013;2,850.66
27.06.2013;2,862.92
26.06.2013;2,845.04
25.06.2013;2,817.44
24.06.2013;2,790.66
21.06.2013;2,824.97
20.06.2013;2,817.44
19.06.2013;2,889.25
18.06.2013;2,929.81
17.06.2013;2,907.11
14.06.2013;2,885.24
13.06.2013;2,902.32
12.06.2013;2,859.62
11.06.2013;2,883.07
10.06.2013;2,912.63
07.06.2013;2,913.46
06.06.2013;2,876.50
05.06.2013;2,851.89
04.06.2013;2,891.02
03.06.2013;2,906.91
31.05.2013;2,889.46
30.05.2013;2,931.39
29.05.2013;2,920.18
28.05.2013;2,940.45
24.05.2013;2,921.88
23.05.2013;2,923.43
22.05.2013;2,931.58
21.05.2013;2,955.70
20.05.2013;2,950.53
17.05.2013;2,952.56
16.05.2013;2,922.40
15.05.2013;2,936.98
14.05.2013;2,921.12
13.05.2013;2,891.17
10.05.2013;2,890.77
09.05.2013;2,878.30
08.05.2013;2,887.61
07.05.2013;2,874.46
06.05.2013;2,859.34
03.05.2013;2,853.88
02.05.2013;2,823.82
01.05.2013;2,797.28
30.04.2013;2,823.42
29.04.2013;2,816.39
26.04.2013;2,796.24
25.04.2013;2,801.28
24.04.2013;2,789.93
23.04.2013;2,789.56
22.04.2013;2,760.80
19.04.2013;2,747.94
18.04.2013;2,723.72
17.04.2013;2,742.01
16.04.2013;2,781.85
15.04.2013;2,742.63
12.04.2013;2,807.10
11.04.2013;2,815.02
10.04.2013;2,804.81
09.04.2013;2,770.84
08.04.2013;2,761.05
05.04.2013;2,742.86
04.04.2013;2,754.67
03.04.2013;2,743.38
02.04.2013;2,772.11
01.04.2013;2,757.83
28.03.2013;2,770.05
27.03.2013;2,758.85
26.03.2013;2,760.32
25.03.2013;2,738.08
22.03.2013;2,747.25
21.03.2013;2,727.69
20.03.2013;2,750.42
19.03.2013;2,732.09
18.03.2013;2,738.68
15.03.2013;2,753.82
14.03.2013;2,758.30
13.03.2013;2,742.87
12.03.2013;2,738.35
11.03.2013;2,744.81
08.03.2013;2,735.67
07.03.2013;2,723.27
06.03.2013;2,718.07
05.03.2013;2,714.35
04.03.2013;2,688.54
01.03.2013;2,676.18
28.02.2013;2,669.92
27.02.2013;2,672.11
26.02.2013;2,637.89
25.02.2013;2,621.46
22.02.2013;2,670.36
21.02.2013;2,646.75
20.02.2013;2,662.94
19.02.2013;2,696.26
15.02.2013;2,676.21
14.02.2013;2,678.77
13.02.2013;2,676.60
12.02.2013;2,673.77
11.02.2013;2,669.37
08.02.2013;2,670.85
07.02.2013;2,655.84
06.02.2013;2,659.55
05.02.2013;2,657.76
04.02.2013;2,630.05
01.02.2013;2,660.70
31.01.2013;2,634.16
30.01.2013;2,640.77
29.01.2013;2,650.43
28.01.2013;2,636.83
25.01.2013;2,641.64
24.01.2013;2,627.33
23.01.2013;2,627.23
22.01.2013;2,623.22
18.01.2013;2,611.54
17.01.2013;2,602.64
16.01.2013;2,588.02
15.01.2013;2,587.20
14.01.2013;2,584.27
11.01.2013;2,586.69
10.01.2013;2,586.52
09.01.2013;2,567.02
08.01.2013;2,560.17
07.01.2013;2,567.63
04.01.2013;2,575.66
03.01.2013;2,563.19
02.01.2013;2,568.55
31.12.2012;2,504.44
28.12.2012;2,462.71
27.12.2012;2,489.97
26.12.2012;2,492.54
24.12.2012;2,504.51
21.12.2012;2,510.32
20.12.2012;2,533.91
19.12.2012;2,519.54
18.12.2012;2,538.72
17.12.2012;2,509.84
14.12.2012;2,480.36
13.12.2012;2,490.56
12.12.2012;2,505.76
11.12.2012;2,504.08
10.12.2012;2,487.78
07.12.2012;2,486.84
06.12.2012;2,479.40
05.12.2012;2,470.59
04.12.2012;2,465.90
03.12.2012;2,470.07
30.11.2012;2,481.82
29.11.2012;2,481.42
28.11.2012;2,470.47
27.11.2012;2,450.48
26.11.2012;2,463.12
23.11.2012;2,468.06
21.11.2012;2,435.97
20.11.2012;2,430.29
19.11.2012;2,428.47
16.11.2012;2,381.02
15.11.2012;2,369.32
14.11.2012;2,372.94
13.11.2012;2,405.38
12.11.2012;2,414.24
09.11.2012;2,413.92
08.11.2012;2,409.72
07.11.2012;2,439.48
06.11.2012;2,496.46
05.11.2012;2,476.94
02.11.2012;2,471.30
01.11.2012;2,494.67
31.10.2012;2,467.51
26.10.2012;2,466.80
25.10.2012;2,468.60
24.10.2012;2,461.18
23.10.2012;2,468.78
22.10.2012;2,504.96
19.10.2012;2,503.80
18.10.2012;2,545.95
17.10.2012;2,552.05
16.10.2012;2,541.28
15.10.2012;2,515.44
12.10.2012;2,495.28
11.10.2012;2,502.66
10.10.2012;2,501.75
09.10.2012;2,517.14
08.10.2012;2,542.21
05.10.2012;2,551.02
04.10.2012;2,550.98
03.10.2012;2,532.79
02.10.2012;2,523.08
01.10.2012;2,520.71
28.09.2012;2,513.93
27.09.2012;2,525.23
26.09.2012;2,500.92
25.09.2012;2,514.83
24.09.2012;2,541.23
21.09.2012;2,546.92
20.09.2012;2,547.11
19.09.2012;2,548.11
18.09.2012;2,545.05
17.09.2012;2,548.26
14.09.2012;2,556.13
13.09.2012;2,546.03
12.09.2012;2,504.84
11.09.2012;2,498.95
10.09.2012;2,491.11
07.09.2012;2,506.37
06.09.2012;2,496.12
05.09.2012;2,445.81
04.09.2012;2,447.80
31.08.2012;2,450.60
30.08.2012;2,438.20
29.08.2012;2,457.05
28.08.2012;2,454.39
27.08.2012;2,456.22
24.08.2012;2,457.40
23.08.2012;2,441.29
22.08.2012;2,461.12
21.08.2012;2,460.41
20.08.2012;2,468.99
17.08.2012;2,469.00
16.08.2012;2,464.38
15.08.2012;2,446.82
14.08.2012;2,443.16
13.08.2012;2,443.05
10.08.2012;2,445.64
09.08.2012;2,440.23
08.08.2012;2,438.16
07.08.2012;2,435.88
06.08.2012;2,423.46
03.08.2012;2,417.77
02.08.2012;2,372.31
01.08.2012;2,389.73
31.07.2012;2,396.62
30.07.2012;2,406.99
27.07.2012;2,408.07
26.07.2012;2,362.85
25.07.2012;2,324.33
24.07.2012;2,325.02
23.07.2012;2,346.22
20.07.2012;2,367.26
19.07.2012;2,391.27
18.07.2012;2,384.54
17.07.2012;2,368.36
16.07.2012;2,350.94
13.07.2012;2,356.40
12.07.2012;2,318.09
11.07.2012;2,329.71
10.07.2012;2,329.46
09.07.2012;2,348.52
06.07.2012;2,352.34
05.07.2012;2,373.91
03.07.2012;2,385.06
02.07.2012;2,369.75
29.06.2012;2,363.79
28.06.2012;2,306.22
27.06.2012;2,310.98
26.06.2012;2,289.86
25.06.2012;2,278.98
22.06.2012;2,315.65
21.06.2012;2,299.16
20.06.2012;2,351.14
19.06.2012;2,355.01
18.06.2012;2,332.07
15.06.2012;2,328.66
14.06.2012;2,304.83
13.06.2012;2,280.13
12.06.2012;2,295.40
11.06.2012;2,268.94
08.06.2012;2,297.82
07.06.2012;2,279.28
06.06.2012;2,279.42
05.06.2012;2,227.45
04.06.2012;2,214.70
01.06.2012;2,214.41
31.05.2012;2,270.25
30.05.2012;2,275.19
29.05.2012;2,307.57
25.05.2012;2,281.92
24.05.2012;2,286.87
23.05.2012;2,283.36
22.05.2012;2,279.40
21.05.2012;2,278.24
18.05.2012;2,242.25
17.05.2012;2,258.93
16.05.2012;2,293.21
15.05.2012;2,302.56
14.05.2012;2,315.45
11.05.2012;2,341.23
10.05.2012;2,348.93
09.05.2012;2,342.31
08.05.2012;2,357.45
07.05.2012;2,367.26
04.05.2012;2,366.39
03.05.2012;2,405.17
02.05.2012;2,423.29
01.05.2012;2,429.10
30.04.2012;2,415.42
27.04.2012;2,424.78
26.04.2012;2,418.89
25.04.2012;2,402.71
24.04.2012;2,370.04
23.04.2012;2,361.35
20.04.2012;2,381.32
19.04.2012;2,378.48
18.04.2012;2,392.57
17.04.2012;2,402.29
16.04.2012;2,365.65
13.04.2012;2,366.84
12.04.2012;2,396.69
11.04.2012;2,364.09
10.04.2012;2,346.27
09.04.2012;2,387.03
05.04.2012;2,414.40
04.04.2012;2,415.05
03.04.2012;2,439.89
02.04.2012;2,449.08
30.03.2012;2,430.67
29.03.2012;2,421.70
28.03.2012;2,425.55
27.03.2012;2,437.01
26.03.2012;2,443.64
23.03.2012;2,410.16
22.03.2012;2,402.71
21.03.2012;2,420.02
20.03.2012;2,424.46
19.03.2012;2,431.73
16.03.2012;2,422.09
15.03.2012;2,419.37
14.03.2012;2,404.98
13.03.2012;2,407.79
12.03.2012;2,364.10
09.03.2012;2,363.56
08.03.2012;2,355.01
07.03.2012;2,331.89
06.03.2012;2,315.21
05.03.2012;2,351.28
02.03.2012;2,360.28
01.03.2012;2,367.87
29.02.2012;2,353.23
28.02.2012;2,364.03
27.02.2012;2,355.74
24.02.2012;2,352.34
23.02.2012;2,348.11
22.02.2012;2,337.67
21.02.2012;2,345.41
17.02.2012;2,343.67
16.02.2012;2,338.11
15.02.2012;2,312.28
14.02.2012;2,324.00
13.02.2012;2,325.81
10.02.2012;2,309.60
09.02.2012;2,325.56
08.02.2012;2,322.11
07.02.2012;2,316.27
06.02.2012;2,311.55
03.02.2012;2,312.49
02.02.2012;2,278.92
01.02.2012;2,276.24
31.01.2012;2,255.69
30.01.2012;2,256.72
27.01.2012;2,262.35
26.01.2012;2,265.84
25.01.2012;2,278.83
24.01.2012;2,259.22
23.01.2012;2,261.47
20.01.2012;2,260.37
19.01.2012;2,258.80
18.01.2012;2,247.64
17.01.2012;2,222.59
13.01.2012;2,214.73
12.01.2012;2,225.74
11.01.2012;2,220.48
10.01.2012;2,219.58
09.01.2012;2,200.00
06.01.2012;2,194.98
05.01.2012;2,199.73
04.01.2012;2,193.28
03.01.2012;2,192.40
30.12.2011;2,158.94
29.12.2011;2,168.12
28.12.2011;2,145.09
27.12.2011;2,171.71
23.12.2011;2,171.50
22.12.2011;2,152.04
21.12.2011;2,133.86
20.12.2011;2,129.67
19.12.2011;2,067.67
16.12.2011;2,092.18
15.12.2011;2,085.44
14.12.2011;2,078.51
13.12.2011;2,102.15
12.12.2011;2,120.15
09.12.2011;2,152.15
08.12.2011;2,116.41
07.12.2011;2,162.07
06.12.2011;2,157.10
05.12.2011;2,154.68
02.12.2011;2,132.64
01.12.2011;2,133.07
30.11.2011;2,137.08
29.11.2011;2,048.06
28.11.2011;2,042.80
25.11.2011;1,984.50
23.11.2011;1,989.54
22.11.2011;2,034.41
21.11.2011;2,042.71
18.11.2011;2,081.42
17.11.2011;2,082.09
16.11.2011;2,117.64
15.11.2011;2,152.80
14.11.2011;2,142.09
11.11.2011;2,162.48
10.11.2011;2,121.14
09.11.2011;2,102.72
08.11.2011;2,182.61
07.11.2011;2,156.00
04.11.2011;2,142.34
03.11.2011;2,155.87
02.11.2011;2,115.70
01.11.2011;2,081.97
31.10.2011;2,141.81
28.10.2011;2,196.13
27.10.2011;2,195.22
26.10.2011;2,122.32
25.10.2011;2,100.17
24.10.2011;2,143.13
21.10.2011;2,115.86
20.10.2011;2,076.75
19.10.2011;2,067.28
18.10.2011;2,093.43
17.10.2011;2,051.54
14.10.2011;2,091.99
13.10.2011;2,056.26
12.10.2011;2,062.22
11.10.2011;2,041.90
10.10.2011;2,040.76
07.10.2011;1,973.42
06.10.2011;1,989.61
05.10.2011;1,953.67
04.10.2011;1,918.39
03.10.2011;1,875.95
30.09.2011;1,930.79
29.09.2011;1,980.23
28.09.2011;1,964.20
27.09.2011;2,005.19
26.09.2011;1,983.97
23.09.2011;1,938.73
22.09.2011;1,926.76
21.09.2011;1,990.20
20.09.2011;2,050.39
19.09.2011;2,053.74
16.09.2011;2,074.06
15.09.2011;2,062.25
14.09.2011;2,027.04
13.09.2011;2,000.08
12.09.2011;1,981.30
09.09.2011;1,967.47
08.09.2011;2,021.42
07.09.2011;2,043.05
06.09.2011;1,985.67
02.09.2011;2,000.50
01.09.2011;2,052.30
31.08.2011;2,076.78
30.08.2011;2,066.37
29.08.2011;2,061.05
26.08.2011;2,004.11
25.08.2011;1,973.96
24.08.2011;2,005.13
23.08.2011;1,978.89
22.08.2011;1,913.27
19.08.2011;1,912.77
18.08.2011;1,941.92
17.08.2011;2,032.41
16.08.2011;2,029.92
15.08.2011;2,049.51
12.08.2011;2,005.67
11.08.2011;1,995.14
10.08.2011;1,906.53
09.08.2011;1,993.76
08.08.2011;1,903.47
05.08.2011;2,039.04
04.08.2011;2,040.20
03.08.2011;2,142.56
02.08.2011;2,131.10
01.08.2011;2,187.00
29.07.2011;2,196.08
28.07.2011;2,210.33
27.07.2011;2,217.29
26.07.2011;2,263.15
25.07.2011;2,272.47
22.07.2011;2,285.34
21.07.2011;2,283.23
20.07.2011;2,252.52
19.07.2011;2,253.71
18.07.2011;2,217.55
15.07.2011;2,235.65
14.07.2011;2,223.29
13.07.2011;2,238.29
12.07.2011;2,231.15
11.07.2011;2,241.07
08.07.2011;2,282.32
07.07.2011;2,298.31
06.07.2011;2,274.42
05.07.2011;2,271.29
01.07.2011;2,274.26
30.06.2011;2,241.66
29.06.2011;2,219.20
28.06.2011;2,200.68
27.06.2011;2,172.08
24.06.2011;2,152.31
23.06.2011;2,177.85
22.06.2011;2,184.03
21.06.2011;2,198.15
20.06.2011;2,168.80
17.06.2011;2,157.14
16.06.2011;2,150.58
15.06.2011;2,146.45
14.06.2011;2,184.48
13.06.2011;2,157.15
10.06.2011;2,155.00
09.06.2011;2,185.52
08.06.2011;2,169.50
07.06.2011;2,178.15
06.06.2011;2,180.14
03.06.2011;2,203.81
02.06.2011;2,225.36
01.06.2011;2,227.96
31.05.2011;2,279.66
27.05.2011;2,255.74
26.05.2011;2,246.13
25.05.2011;2,236.75
24.05.2011;2,229.49
23.05.2011;2,231.31
20.05.2011;2,258.21
19.05.2011;2,275.71
18.05.2011;2,270.57
17.05.2011;2,250.35
16.05.2011;2,250.61
13.05.2011;2,264.52
12.05.2011;2,282.84
11.05.2011;2,271.47
10.05.2011;2,295.72
09.05.2011;2,277.30
06.05.2011;2,266.97
05.05.2011;2,258.08
04.05.2011;2,278.63
03.05.2011;2,293.95
02.05.2011;2,301.72
29.04.2011;2,305.76
28.04.2011;2,300.46
27.04.2011;2,292.13
26.04.2011;2,277.51
25.04.2011;2,257.24
21.04.2011;2,260.84
20.04.2011;2,248.90
19.04.2011;2,218.86
18.04.2011;2,206.15
15.04.2011;2,230.70
14.04.2011;2,221.99
13.04.2011;2,221.77
12.04.2011;2,221.12
11.04.2011;2,238.51
08.04.2011;2,244.74
07.04.2011;2,253.76
06.04.2011;2,257.11
05.04.2011;2,251.26
04.04.2011;2,251.64
01.04.2011;2,250.58
31.03.2011;2,239.44
30.03.2011;2,243.55
29.03.2011;2,228.41
28.03.2011;2,212.32
25.03.2011;2,218.42
24.03.2011;2,211.42
23.03.2011;2,190.96
22.03.2011;2,184.57
21.03.2011;2,192.09
18.03.2011;2,159.69
17.03.2011;2,150.43
16.03.2011;2,121.94
15.03.2011;2,164.06
14.03.2011;2,188.56
11.03.2011;2,201.81
10.03.2011;2,185.65
09.03.2011;2,227.70
08.03.2011;2,230.40
07.03.2011;2,210.26
04.03.2011;2,228.78
03.03.2011;2,245.33
02.03.2011;2,207.24
01.03.2011;2,203.31
28.02.2011;2,238.55
25.02.2011;2,226.05
24.02.2011;2,202.23
23.02.2011;2,203.89
22.02.2011;2,217.35
18.02.2011;2,263.79
17.02.2011;2,259.42
16.02.2011;2,252.30
15.02.2011;2,237.90
14.02.2011;2,244.89
11.02.2011;2,239.08
10.02.2011;2,226.51
09.02.2011;2,224.64
08.02.2011;2,230.59
07.02.2011;2,220.60
04.02.2011;2,206.80
03.02.2011;2,200.42
02.02.2011;2,194.94
01.02.2011;2,200.54
31.01.2011;2,164.40
28.01.2011;2,147.95
27.01.2011;2,186.93
26.01.2011;2,181.92
25.01.2011;2,172.67
24.01.2011;2,172.03
21.01.2011;2,159.43
20.01.2011;2,154.18
19.01.2011;2,156.97
18.01.2011;2,178.72
14.01.2011;2,175.68
13.01.2011;2,159.66
12.01.2011;2,163.35
11.01.2011;2,143.82
10.01.2011;2,135.86
07.01.2011;2,138.81
06.01.2011;2,142.76
05.01.2011;2,146.50
04.01.2011;2,135.53
03.01.2011;2,138.30
31.12.2010;2,114.29
30.12.2010;2,114.70
29.12.2010;2,117.83
28.12.2010;2,115.32
27.12.2010;2,113.67
23.12.2010;2,112.37
22.12.2010;2,115.69
21.12.2010;2,108.26
20.12.2010;2,095.32
17.12.2010;2,089.95
16.12.2010;2,088.19
15.12.2010;2,075.29
14.12.2010;2,085.93
13.12.2010;2,084.00
10.12.2010;2,083.57
09.12.2010;2,071.12
08.12.2010;2,063.03
07.12.2010;2,054.89
06.12.2010;2,053.80
03.12.2010;2,056.40
02.12.2010;2,050.96
01.12.2010;2,024.97
30.11.2010;1,981.84
29.11.2010;1,993.83
26.11.2010;1,996.03
24.11.2010;2,010.56
23.11.2010;1,980.89
22.11.2010;2,009.52
19.11.2010;2,012.59
18.11.2010;2,007.38
17.11.2010;1,977.00
16.11.2010;1,976.26
15.11.2010;2,008.25
12.11.2010;2,010.57
11.11.2010;2,034.48
10.11.2010;2,043.16
09.11.2010;2,033.85
08.11.2010;2,049.69
05.11.2010;2,053.77
04.11.2010;2,045.62
03.11.2010;2,006.58
02.11.2010;1,998.86
01.11.2010;1,983.47
29.10.2010;1,981.59
28.10.2010;1,982.45
27.10.2010;1,980.05
26.10.2010;1,985.13
25.10.2010;1,985.11
22.10.2010;1,980.83
21.10.2010;1,976.12
20.10.2010;1,972.51
19.10.2010;1,951.67
18.10.2010;1,983.17
15.10.2010;1,968.87
14.10.2010;1,964.90
13.10.2010;1,972.08
12.10.2010;1,957.92
11.10.2010;1,950.47
08.10.2010;1,950.18
07.10.2010;1,938.31
06.10.2010;1,941.50
05.10.2010;1,941.82
04.10.2010;1,902.15
01.10.2010;1,917.42
30.09.2010;1,908.95
29.09.2010;1,914.84
28.09.2010;1,919.59
27.09.2010;1,909.98
24.09.2010;1,920.84
23.09.2010;1,880.97
22.09.2010;1,896.77
21.09.2010;1,905.74
20.09.2010;1,910.60
17.09.2010;1,881.93
16.09.2010;1,880.37
15.09.2010;1,880.74
14.09.2010;1,874.07
13.09.2010;1,875.41
10.09.2010;1,854.10
09.09.2010;1,845.09
08.09.2010;1,836.21
07.09.2010;1,824.05
03.09.2010;1,845.10
02.09.2010;1,820.98
01.09.2010;1,804.46
31.08.2010;1,752.55
30.08.2010;1,751.79
27.08.2010;1,777.60
26.08.2010;1,748.14
25.08.2010;1,761.62
24.08.2010;1,755.65
23.08.2010;1,781.47
20.08.2010;1,788.67
19.08.2010;1,795.24
18.08.2010;1,826.14
17.08.2010;1,823.18
16.08.2010;1,800.70
13.08.2010;1,800.39
12.08.2010;1,807.61
11.08.2010;1,817.13
10.08.2010;1,868.88
09.08.2010;1,880.06
06.08.2010;1,869.77
05.08.2010;1,876.51
04.08.2010;1,878.81
03.08.2010;1,866.87
02.08.2010;1,875.84
30.07.2010;1,835.40
29.07.2010;1,835.29
28.07.2010;1,842.66
27.07.2010;1,855.39
26.07.2010;1,857.34
23.07.2010;1,836.75
22.07.2010;1,821.76
21.07.2010;1,781.60
20.07.2010;1,804.48
19.07.2010;1,784.06
16.07.2010;1,773.43
15.07.2010;1,826.00
14.07.2010;1,823.82
13.07.2010;1,824.07
12.07.2010;1,796.30
09.07.2010;1,794.94
08.07.2010;1,782.10
07.07.2010;1,765.42
06.07.2010;1,710.97
02.07.2010;1,701.86
01.07.2010;1,709.77
30.06.2010;1,715.23
29.06.2010;1,732.55
28.06.2010;1,787.94
25.06.2010;1,791.24
24.06.2010;1,786.13
23.06.2010;1,816.65
22.06.2010;1,822.05
21.06.2010;1,851.55
18.06.2010;1,858.70
17.06.2010;1,856.25
16.06.2010;1,853.62
15.06.2010;1,854.61
14.06.2010;1,812.02
11.06.2010;1,815.26
10.06.2010;1,806.69
09.06.2010;1,754.91
08.06.2010;1,765.29
07.06.2010;1,745.87
04.06.2010;1,769.72
03.06.2010;1,832.72
02.06.2010;1,825.25
01.06.2010;1,778.99
28.05.2010;1,809.98
27.05.2010;1,832.61
26.05.2010;1,773.65
25.05.2010;1,783.40
24.05.2010;1,782.77
21.05.2010;1,806.05
20.05.2010;1,779.30
19.05.2010;1,851.28
18.05.2010;1,860.65
17.05.2010;1,887.11
14.05.2010;1,884.67
13.05.2010;1,920.76
12.05.2010;1,944.25
11.05.2010;1,917.25
10.05.2010;1,923.39
07.05.2010;1,842.32
06.05.2010;1,870.95
05.05.2010;1,933.25
04.05.2010;1,945.37
03.05.2010;1,992.87
30.04.2010;1,967.05
29.04.2010;2,000.34
28.04.2010;1,974.63
27.04.2010;1,961.60
26.04.2010;2,008.55
23.04.2010;2,017.19
22.04.2010;2,002.93
21.04.2010;1,998.31
20.04.2010;2,000.33
19.04.2010;1,984.32
16.04.2010;1,975.36
15.04.2010;2,007.74
14.04.2010;2,006.06
13.04.2010;1,983.91
12.04.2010;1,982.40
09.04.2010;1,978.86
08.04.2010;1,965.72
07.04.2010;1,959.04
06.04.2010;1,969.76
05.04.2010;1,966.44
01.04.2010;1,950.91
31.03.2010;1,936.48
30.03.2010;1,942.81
29.03.2010;1,942.51
26.03.2010;1,931.18
25.03.2010;1,929.75
24.03.2010;1,933.04
23.03.2010;1,943.70
22.03.2010;1,929.64
19.03.2010;1,919.80
18.03.2010;1,929.63
17.03.2010;1,930.22
16.03.2010;1,919.02
15.03.2010;1,904.19
12.03.2010;1,903.29
11.03.2010;1,903.68
10.03.2010;1,895.38
09.03.2010;1,886.60
08.03.2010;1,883.29
05.03.2010;1,883.28
04.03.2010;1,857.20
03.03.2010;1,850.24
02.03.2010;1,849.17
01.03.2010;1,844.87
26.02.2010;1,826.27
25.02.2010;1,823.64
24.02.2010;1,826.99
23.02.2010;1,809.05
22.02.2010;1,831.21
19.02.2010;1,833.09
18.02.2010;1,828.81
17.02.2010;1,816.70
16.02.2010;1,808.72
12.02.2010;1,776.50
11.02.2010;1,781.01
10.02.2010;1,763.69
09.02.2010;1,767.18
08.02.2010;1,744.37
05.02.2010;1,759.38
04.02.2010;1,754.30
03.02.2010;1,810.64
02.02.2010;1,819.99
01.02.2010;1,796.67
29.01.2010;1,771.40
28.01.2010;1,788.97
27.01.2010;1,810.21
26.01.2010;1,801.34
25.01.2010;1,808.93
22.01.2010;1,800.61
21.01.2010;1,841.39
20.01.2010;1,876.90
19.01.2010;1,896.72
15.01.2010;1,873.30
14.01.2010;1,893.72
13.01.2010;1,889.10
12.01.2010;1,873.32
11.01.2010;1,891.06
08.01.2010;1,887.77
07.01.2010;1,882.34
06.01.2010;1,874.73
05.01.2010;1,872.90
04.01.2010;1,867.06
31.12.2009;1,837.50
30.12.2009;1,856.14
29.12.2009;1,855.61
28.12.2009;1,857.89
24.12.2009;1,855.50
23.12.2009;1,845.80
22.12.2009;1,841.17
21.12.2009;1,834.59
18.12.2009;1,815.50
17.12.2009;1,804.96
16.12.2009;1,826.45
15.12.2009;1,824.37
14.12.2009;1,834.55
11.12.2009;1,821.80
10.12.2009;1,814.81
09.12.2009;1,804.10
08.12.2009;1,797.31
07.12.2009;1,815.70
04.12.2009;1,820.11
03.12.2009;1,810.13
02.12.2009;1,825.40
01.12.2009;1,824.54
30.11.2009;1,802.68
27.11.2009;1,795.70
25.11.2009;1,826.74
24.11.2009;1,818.31
23.11.2009;1,819.17
20.11.2009;1,794.65
19.11.2009;1,800.12
18.11.2009;1,824.61
17.11.2009;1,825.18
16.11.2009;1,823.29
13.11.2009;1,796.93
12.11.2009;1,786.66
11.11.2009;1,804.93
10.11.2009;1,795.90
09.11.2009;1,795.56
06.11.2009;1,756.07
05.11.2009;1,751.45
04.11.2009;1,718.21
03.11.2009;1,715.81
02.11.2009;1,711.65
30.10.2009;1,700.67
29.10.2009;1,749.76
28.10.2009;1,711.09
27.10.2009;1,744.95
26.10.2009;1,750.75
23.10.2009;1,771.50
22.10.2009;1,793.34
21.10.2009;1,774.33
20.10.2009;1,789.93
19.10.2009;1,801.12
16.10.2009;1,784.35
15.10.2009;1,798.91
14.10.2009;1,791.47
13.10.2009;1,760.51
12.10.2009;1,765.31
09.10.2009;1,757.60
08.10.2009;1,747.70
07.10.2009;1,734.74
06.10.2009;1,729.14
05.10.2009;1,705.73
02.10.2009;1,680.70
01.10.2009;1,688.24
30.09.2009;1,732.86
29.09.2009;1,738.48
28.09.2009;1,742.32
25.09.2009;1,711.53
24.09.2009;1,722.02
23.09.2009;1,738.32
22.09.2009;1,755.99
21.09.2009;1,744.47
18.09.2009;1,750.43
17.09.2009;1,745.80
16.09.2009;1,750.91
15.09.2009;1,724.45
14.09.2009;1,719.04
11.09.2009;1,708.19
10.09.2009;1,710.14
09.09.2009;1,692.48
08.09.2009;1,679.32
04.09.2009;1,664.34
03.09.2009;1,642.68
02.09.2009;1,628.66
01.09.2009;1,633.63
31.08.2009;1,670.52
28.08.2009;1,684.05
27.08.2009;1,687.16
26.08.2009;1,682.29
25.08.2009;1,681.92
24.08.2009;1,677.94
21.08.2009;1,678.84
20.08.2009;1,647.85
19.08.2009;1,629.92
18.08.2009;1,618.60
17.08.2009;1,602.06
14.08.2009;1,641.54
13.08.2009;1,655.66
12.08.2009;1,644.23
11.08.2009;1,624.91
10.08.2009;1,645.26
07.08.2009;1,650.73
06.08.2009;1,628.82
05.08.2009;1,637.81
04.08.2009;1,642.03
03.08.2009;1,637.06
31.07.2009;1,612.31
30.07.2009;1,611.14
29.07.2009;1,592.00
28.07.2009;1,599.09
27.07.2009;1,603.26
24.07.2009;1,598.50
23.07.2009;1,593.65
22.07.2009;1,557.37
21.07.2009;1,557.91
20.07.2009;1,552.26
17.07.2009;1,534.70
16.07.2009;1,535.30
15.07.2009;1,522.09
14.07.2009;1,478.24
13.07.2009;1,470.43
10.07.2009;1,434.50
09.07.2009;1,440.30
08.07.2009;1,435.20
07.07.2009;1,436.74
06.07.2009;1,465.58
02.07.2009;1,461.80
01.07.2009;1,505.64
30.06.2009;1,498.94
29.06.2009;1,511.70
26.06.2009;1,498.08
25.06.2009;1,499.98
24.06.2009;1,468.48
23.06.2009;1,458.92
22.06.2009;1,455.54
19.06.2009;1,501.25
18.06.2009;1,496.59
17.06.2009;1,483.90
16.06.2009;1,485.92
15.06.2009;1,505.06
12.06.2009;1,541.70
11.06.2009;1,539.50
10.06.2009;1,529.76
09.06.2009;1,535.03
08.06.2009;1,529.59
05.06.2009;1,530.82
04.06.2009;1,534.59
03.06.2009;1,516.88
02.06.2009;1,537.69
01.06.2009;1,534.65
29.05.2009;1,495.97
28.05.2009;1,475.94
27.05.2009;1,453.28
26.05.2009;1,481.10
22.05.2009;1,443.14
21.05.2009;1,445.28
20.05.2009;1,469.47
19.05.2009;1,476.94
18.05.2009;1,479.24
15.05.2009;1,435.48
14.05.2009;1,451.79
13.05.2009;1,436.74
12.05.2009;1,475.83
11.05.2009;1,477.20
08.05.2009;1,509.14
07.05.2009;1,473.66
06.05.2009;1,493.31
05.05.2009;1,467.25
04.05.2009;1,472.64
01.05.2009;1,424.41
30.04.2009;1,416.73
29.04.2009;1,417.99
28.04.2009;1,387.82
27.04.2009;1,391.58
24.04.2009;1,405.74
23.04.2009;1,382.52
22.04.2009;1,368.92
21.04.2009;1,379.22
20.04.2009;1,350.52
17.04.2009;1,410.85
16.04.2009;1,403.89
15.04.2009;1,382.36
14.04.2009;1,365.20
13.04.2009;1,393.13
09.04.2009;1,389.49
08.04.2009;1,338.53
07.04.2009;1,322.91
06.04.2009;1,354.36
03.04.2009;1,365.66
02.04.2009;1,352.47
01.04.2009;1,314.63
31.03.2009;1,292.98
30.03.2009;1,276.22
27.03.2009;1,322.19
26.03.2009;1,349.37
25.03.2009;1,318.61
24.03.2009;1,306.03
23.03.2009;1,333.21
20.03.2009;1,244.85
19.03.2009;1,269.93
18.03.2009;1,286.62
17.03.2009;1,260.29
16.03.2009;1,221.03
13.03.2009;1,225.32
12.03.2009;1,215.87
11.03.2009;1,168.07
10.03.2009;1,164.83
09.03.2009;1,095.04
06.03.2009;1,106.00
05.03.2009;1,104.38
04.03.2009;1,153.35
03.03.2009;1,126.18
02.03.2009;1,133.43
27.02.2009;1,188.84
26.02.2009;1,217.49
25.02.2009;1,236.74
24.02.2009;1,249.76
23.02.2009;1,201.56
20.02.2009;1,244.72
19.02.2009;1,258.82
18.02.2009;1,273.29
17.02.2009;1,274.26
13.02.2009;1,334.83
12.02.2009;1,348.15
11.02.2009;1,345.50
10.02.2009;1,334.30
09.02.2009;1,403.19
06.02.2009;1,401.06
05.02.2009;1,363.82
04.02.2009;1,341.77
03.02.2009;1,350.88
02.02.2009;1,329.81
30.01.2009;1,330.51
29.01.2009;1,361.54
28.01.2009;1,408.07
27.01.2009;1,362.18
26.01.2009;1,347.47
23.01.2009;1,340.02
22.01.2009;1,332.84
21.01.2009;1,353.33
20.01.2009;1,296.63
16.01.2009;1,368.92
15.01.2009;1,358.64
14.01.2009;1,356.79
13.01.2009;1,403.63
12.01.2009;1,401.07
09.01.2009;1,433.41
08.01.2009;1,464.60
07.01.2009;1,459.58
06.01.2009;1,503.87
05.01.2009;1,492.21
02.01.2009;1,499.17
31.12.2008;1,452.98
30.12.2008;1,432.65
29.12.2008;1,398.25
26.12.2008;1,403.22
24.12.2008;1,395.76
23.12.2008;1,387.08
22.12.2008;1,400.42
19.12.2008;1,426.39
18.12.2008;1,422.19
17.12.2008;1,452.88
16.12.2008;1,466.87
15.12.2008;1,395.21
12.12.2008;1,413.07
11.12.2008;1,403.20
10.12.2008;1,444.00
09.12.2008;1,426.88
08.12.2008;1,460.60
05.12.2008;1,406.36
04.12.2008;1,356.81
03.12.2008;1,397.72
02.12.2008;1,361.79
01.12.2008;1,309.39
28.11.2008;1,437.68
26.11.2008;1,423.90
25.11.2008;1,374.79
24.11.2008;1,365.63
21.11.2008;1,282.59
20.11.2008;1,206.04
19.11.2008;1,292.76
18.11.2008;1,376.81
17.11.2008;1,363.14
14.11.2008;1,399.20
13.11.2008;1,459.82
12.11.2008;1,365.15
11.11.2008;1,439.22
10.11.2008;1,471.64
07.11.2008;1,490.31
06.11.2008;1,448.01
05.11.2008;1,524.21
04.11.2008;1,608.00
03.11.2008;1,544.91
31.10.2008;1,548.81
30.10.2008;1,525.37
29.10.2008;1,486.73
28.10.2008;1,503.16
27.10.2008;1,356.78
24.10.2008;1,401.29
23.10.2008;1,451.37
22.10.2008;1,433.22
21.10.2008;1,526.02
20.10.2008;1,574.50
17.10.2008;1,502.84
16.10.2008;1,512.21
15.10.2008;1,450.50
14.10.2008;1,594.41
13.10.2008;1,602.93
10.10.2008;1,436.56
09.10.2008;1,453.52
08.10.2008;1,573.34
07.10.2008;1,590.51
06.10.2008;1,687.34
03.10.2008;1,754.91
02.10.2008;1,778.90
01.10.2008;1,853.26
30.09.2008;1,861.44
29.09.2008;1,765.72
26.09.2008;1,935.79
25.09.2008;1,929.24
24.09.2008;1,892.05
23.09.2008;1,895.78
22.09.2008;1,925.85
19.09.2008;2,002.32
18.09.2008;1,924.85
17.09.2008;1,844.31
16.09.2008;1,935.49
15.09.2008;1,902.17
12.09.2008;1,996.25
11.09.2008;1,992.00
10.09.2008;1,964.25
09.09.2008;1,952.14
08.09.2008;2,021.13
05.09.2008;1,980.18
04.09.2008;1,971.37
03.09.2008;2,032.13
02.09.2008;2,035.24
29.08.2008;2,043.53
28.08.2008;2,071.86
27.08.2008;2,041.24
26.08.2008;2,024.72
25.08.2008;2,017.27
22.08.2008;2,057.64
21.08.2008;2,034.35
20.08.2008;2,029.15
19.08.2008;2,016.52
18.08.2008;2,035.30
15.08.2008;2,066.36
14.08.2008;2,057.72
13.08.2008;2,046.35
12.08.2008;2,051.66
11.08.2008;2,076.59
08.08.2008;2,061.77
07.08.2008;2,013.66
06.08.2008;2,050.23
05.08.2008;2,042.44
04.08.2008;1,985.23
01.08.2008;2,003.16
31.07.2008;2,014.39
30.07.2008;2,040.81
29.07.2008;2,007.21
28.07.2008;1,961.23
25.07.2008;1,998.41
24.07.2008;1,990.09
23.07.2008;2,037.15
22.07.2008;2,028.91
21.07.2008;2,001.86
18.07.2008;2,002.88
17.07.2008;2,002.30
16.07.2008;1,978.47
15.07.2008;1,929.85
14.07.2008;1,951.08
11.07.2008;1,968.86
10.07.2008;1,990.78
09.07.2008;1,976.97
08.07.2008;2,022.83
07.07.2008;1,988.09
03.07.2008;2,004.87
02.07.2008;2,002.64
01.07.2008;2,039.66
30.06.2008;2,031.47
27.06.2008;2,028.89
26.06.2008;2,036.40
25.06.2008;2,097.36
24.06.2008;2,085.08
23.06.2008;2,090.94
20.06.2008;2,090.81
19.06.2008;2,130.30
18.06.2008;2,121.78
17.06.2008;2,142.55
16.06.2008;2,157.14
13.06.2008;2,156.96
12.06.2008;2,124.94
11.06.2008;2,117.84
10.06.2008;2,153.77
09.06.2008;2,159.03
06.06.2008;2,157.24
05.06.2008;2,225.74
04.06.2008;2,183.01
03.06.2008;2,182.65
02.06.2008;2,195.27
30.05.2008;2,218.50
29.05.2008;2,215.12
28.05.2008;2,203.10
27.05.2008;2,193.98
23.05.2008;2,179.05
22.05.2008;2,208.20
21.05.2008;2,202.02
20.05.2008;2,237.79
19.05.2008;2,258.74
16.05.2008;2,256.63
15.05.2008;2,253.76
14.05.2008;2,229.74
13.05.2008;2,220.46
12.05.2008;2,220.81
09.05.2008;2,196.54
08.05.2008;2,210.95
07.05.2008;2,202.77
06.05.2008;2,242.47
05.05.2008;2,225.37
02.05.2008;2,235.30
01.05.2008;2,228.09
30.04.2008;2,190.13
29.04.2008;2,198.50
28.04.2008;2,207.02
25.04.2008;2,209.25
24.04.2008;2,194.96
23.04.2008;2,180.91
22.04.2008;2,174.59
21.04.2008;2,193.87
18.04.2008;2,197.24
17.04.2008;2,158.08
16.04.2008;2,156.67
15.04.2008;2,108.59
14.04.2008;2,098.92
11.04.2008;2,106.01
10.04.2008;2,149.67
09.04.2008;2,139.99
08.04.2008;2,157.28
07.04.2008;2,167.61
04.04.2008;2,164.21
03.04.2008;2,162.46
02.04.2008;2,159.63
01.04.2008;2,163.38
31.03.2008;2,088.42
28.03.2008;2,076.56
27.03.2008;2,093.11
26.03.2008;2,116.93
25.03.2008;2,135.54
24.03.2008;2,130.62
20.03.2008;2,098.46
19.03.2008;2,049.40
18.03.2008;2,100.38
17.03.2008;2,014.88
14.03.2008;2,032.79
13.03.2008;2,075.88
12.03.2008;2,065.21
11.03.2008;2,083.36
10.03.2008;2,008.71
07.03.2008;2,040.17
06.03.2008;2,057.44
05.03.2008;2,103.42
04.03.2008;2,091.42
03.03.2008;2,098.64
29.02.2008;2,097.48
28.02.2008;2,155.81
27.02.2008;2,175.00
26.02.2008;2,176.48
25.02.2008;2,161.51
22.02.2008;2,132.02
21.02.2008;2,115.13
20.02.2008;2,141.95
19.02.2008;2,124.12
15.02.2008;2,125.85
14.02.2008;2,123.94
13.02.2008;2,152.76
12.02.2008;2,123.06
11.02.2008;2,107.65
08.02.2008;2,095.21
07.02.2008;2,104.02
06.02.2008;2,087.05
05.02.2008;2,102.23
04.02.2008;2,171.51
01.02.2008;2,194.43
31.01.2008;2,167.90
30.01.2008;2,131.78
29.01.2008;2,141.85
28.01.2008;2,128.64
25.01.2008;2,091.88
24.01.2008;2,125.60
23.01.2008;2,104.37
22.01.2008;2,060.15
18.01.2008;2,083.24
17.01.2008;2,095.86
16.01.2008;2,158.58
15.01.2008;2,170.51
14.01.2008;2,225.98
11.01.2008;2,202.03
10.01.2008;2,232.25
09.01.2008;2,214.60
08.01.2008;2,184.67
07.01.2008;2,224.76
04.01.2008;2,217.59
03.01.2008;2,273.41
02.01.2008;2,273.41
31.12.2007;2,306.23
28.12.2007;2,322.11
27.12.2007;2,318.72
26.12.2007;2,351.60
24.12.2007;2,349.66
21.12.2007;2,330.81
20.12.2007;2,292.23
19.12.2007;2,280.47
18.12.2007;2,283.50
17.12.2007;2,269.24
14.12.2007;2,303.79
13.12.2007;2,335.79
12.12.2007;2,332.85
11.12.2007;2,318.51
10.12.2007;2,378.60
07.12.2007;2,360.79
06.12.2007;2,364.97
05.12.2007;2,329.71
04.12.2007;2,293.65
03.12.2007;2,308.74
30.11.2007;2,322.34
29.11.2007;2,304.43
28.11.2007;2,303.17
27.11.2007;2,238.52
26.11.2007;2,205.49
23.11.2007;2,257.95
21.11.2007;2,220.21
20.11.2007;2,256.02
19.11.2007;2,245.81
16.11.2007;2,285.67
15.11.2007;2,273.73
14.11.2007;2,304.06
13.11.2007;2,319.86
12.11.2007;2,253.53
09.11.2007;2,276.26
08.11.2007;2,309.18
07.11.2007;2,310.41
06.11.2007;2,379.05
05.11.2007;2,350.69
02.11.2007;2,362.21
01.11.2007;2,360.21
31.10.2007;2,423.67
30.10.2007;2,394.81
29.10.2007;2,410.33
26.10.2007;2,401.07
25.10.2007;2,368.43
24.10.2007;2,370.71
23.10.2007;2,376.47
22.10.2007;2,355.74
19.10.2007;2,346.78
18.10.2007;2,408.46
17.10.2007;2,410.22
16.10.2007;2,405.76
15.10.2007;2,421.67
12.10.2007;2,442.12
11.10.2007;2,430.55
10.10.2007;2,443.02
09.10.2007;2,447.03
08.10.2007;2,427.33
05.10.2007;2,435.16
04.10.2007;2,411.41
03.10.2007;2,406.30
02.10.2007;2,416.83
01.10.2007;2,417.44
28.09.2007;2,385.72
27.09.2007;2,392.92
26.09.2007;2,383.53
25.09.2007;2,370.26
24.09.2007;2,371.03
21.09.2007;2,383.55
20.09.2007;2,372.61
19.09.2007;2,388.15
18.09.2007;2,373.63
17.09.2007;2,306.25
14.09.2007;2,318.11
13.09.2007;2,317.63
12.09.2007;2,298.14
11.09.2007;2,297.41
10.09.2007;2,266.51
07.09.2007;2,269.32
06.09.2007;2,308.35
05.09.2007;2,298.16
04.09.2007;2,323.83
31.08.2007;2,299.71
30.08.2007;2,274.16
29.08.2007;2,283.58
28.08.2007;2,234.02
27.08.2007;2,287.62
24.08.2007;2,307.22
23.08.2007;2,280.68
22.08.2007;2,283.08
21.08.2007;2,256.52
20.08.2007;2,254.07
17.08.2007;2,254.68
16.08.2007;2,200.61
15.08.2007;2,193.40
14.08.2007;2,223.71
13.08.2007;2,264.58
10.08.2007;2,265.36
09.08.2007;2,264.50
08.08.2007;2,333.24
07.08.2007;2,300.10
06.08.2007;2,285.93
03.08.2007;2,231.98
02.08.2007;2,292.79
01.08.2007;2,282.30
31.07.2007;2,265.75
30.07.2007;2,294.75
27.07.2007;2,271.41
26.07.2007;2,307.98
25.07.2007;2,363.12
24.07.2007;2,352.12
23.07.2007;2,399.64
20.07.2007;2,387.96
19.07.2007;2,417.50
18.07.2007;2,406.69
17.07.2007;2,411.41
16.07.2007;2,411.65
13.07.2007;2,416.28
12.07.2007;2,408.79
11.07.2007;2,363.72
10.07.2007;2,349.98
09.07.2007;2,383.80
06.07.2007;2,381.59
05.07.2007;2,373.07
03.07.2007;2,372.22
02.07.2007;2,363.28
29.06.2007;2,338.25
28.06.2007;2,341.90
27.06.2007;2,342.84
26.06.2007;2,321.46
25.06.2007;2,328.91
22.06.2007;2,336.41
21.06.2007;2,366.92
20.06.2007;2,351.87
19.06.2007;2,384.25
18.06.2007;2,380.09
15.06.2007;2,382.97
14.06.2007;2,367.52
13.06.2007;2,356.02
12.06.2007;2,320.22
11.06.2007;2,345.27
08.06.2007;2,342.98
07.06.2007;2,316.63
06.06.2007;2,357.95
05.06.2007;2,378.44
04.06.2007;2,391.13
01.06.2007;2,386.63
31.05.2007;2,377.75
30.05.2007;2,377.09
29.05.2007;2,357.39
25.05.2007;2,353.42
24.05.2007;2,340.64
23.05.2007;2,363.29
22.05.2007;2,366.10
21.05.2007;2,367.63
18.05.2007;2,363.97
17.05.2007;2,348.44
16.05.2007;2,350.40
15.05.2007;2,329.61
14.05.2007;2,332.43
11.05.2007;2,336.48
10.05.2007;2,313.94
09.05.2007;2,346.30
08.05.2007;2,338.14
07.05.2007;2,340.68
04.05.2007;2,334.61
03.05.2007;2,329.54
02.05.2007;2,318.84
01.05.2007;2,303.68
30.04.2007;2,297.57
27.04.2007;2,315.70
26.04.2007;2,315.91
25.04.2007;2,317.50
24.04.2007;2,294.02
23.04.2007;2,294.82
20.04.2007;2,300.08
19.04.2007;2,278.91
18.04.2007;2,281.61
17.04.2007;2,280.01
16.04.2007;2,275.35
13.04.2007;2,251.12
12.04.2007;2,243.30
11.04.2007;2,229.44
10.04.2007;2,243.93
09.04.2007;2,238.03
05.04.2007;2,236.71
04.04.2007;2,229.25
03.04.2007;2,226.76
02.04.2007;2,205.85
30.03.2007;2,200.12
29.03.2007;2,202.68
28.03.2007;2,194.38
27.03.2007;2,211.52
26.03.2007;2,225.26
23.03.2007;2,223.12
22.03.2007;2,220.68
21.03.2007;2,221.46
20.03.2007;2,184.10
19.03.2007;2,170.33
16.03.2007;2,146.93
15.03.2007;2,155.18
14.03.2007;2,147.18
13.03.2007;2,132.76
12.03.2007;2,176.50
09.03.2007;2,170.62
08.03.2007;2,169.14
07.03.2007;2,153.65
06.03.2007;2,158.36
05.03.2007;2,125.34
02.03.2007;2,145.43
01.03.2007;2,170.17
28.02.2007;2,175.78
27.02.2007;2,163.11
26.02.2007;2,240.73
23.02.2007;2,243.26
22.02.2007;2,251.03
21.02.2007;2,252.43
20.02.2007;2,255.48
16.02.2007;2,249.06
15.02.2007;2,250.97
14.02.2007;2,248.40
13.02.2007;2,230.80
12.02.2007;2,213.58
09.02.2007;2,220.72
08.02.2007;2,236.46
07.02.2007;2,239.05
06.02.2007;2,235.02
05.02.2007;2,233.44
02.02.2007;2,235.39
01.02.2007;2,231.61
31.01.2007;2,219.19
30.01.2007;2,204.40
29.01.2007;2,191.71
26.01.2007;2,193.89
25.01.2007;2,196.54
24.01.2007;2,221.56
23.01.2007;2,202.77
22.01.2007;2,195.00
19.01.2007;2,206.60
18.01.2007;2,200.20
17.01.2007;2,206.70
16.01.2007;2,208.48
12.01.2007;2,206.68
11.01.2007;2,196.02
10.01.2007;2,182.16
09.01.2007;2,177.68
08.01.2007;2,178.80
05.01.2007;2,173.29
04.01.2007;2,186.60
03.01.2007;2,183.92